Country,"Density
(P/Km2)",Abbreviation,Agricultural Land( %),Land Area(Km2),Armed Forces size,Birth Rate,Calling Code,Capital/Major City,Co2-Emissions,CPI,CPI Change (%),Currency-Code,Fertility Rate,Forested Area (%),Gasoline Price,GDP,Gross primary education enrollment (%),Gross tertiary education enrollment (%),Infant mortality,Largest city,Life expectancy,Maternal mortality ratio,Minimum wage,Official language,Out of pocket health expenditure,Physicians per thousand,Population,Population: Labor force participation (%),Tax revenue (%),Total tax rate,Unemployment rate,Urban_population,Latitude,Longitude,forested_area,Forest area,Agricultural land,TOTAL TAX,Health Index,Economic Index,Education Index,Environment Index,Quality of Life Index,Livability Score
Afghanistan,60,AF,0.581,652230,323000,32.49,93,Kabul,8672,149.9,0.023,AFN,4.47,0.021,0.7,19101353833,1.04,0.097,47.9,Kabul,64.5,638,0.43,Pashto,0.784,0.28,38041754,0.489,0.093,0.714,0.1112,9797273,33.93911,67.709953,less,13696.83,378945.63,1776425906,-0.366377193,0.004669433,0.01137,-0.000666576,0.264718742,-0.080099912
Albania,105,AL,0.431,28748,9000,11.78,355,Tirana,4536,119.05,0.014,ALL,1.62,0.281,1.36,15278077447,1.07,0.55,7.8,Tirana,78.5,15,1.12,Albanian,0.569,1.2,2854191,0.557,0.186,0.366,0.1233,1747593,41.153332,20.168331,less,8078.188,12390.388,2841722405,0.813852577,0.005050006,0.0162,0.002351496,0.624852952,0.311496294
Algeria,18,DZ,0.174,2381741,317000,24.28,213,Algiers,150006,151.36,0.02,DZD,3.02,0.008,0.28,1.69988E+11,1.099,0.514,20.1,Algiers,76.7,112,0.95,Arabic,0.281,1.72,43053054,0.412,0.372,0.661,0.117,31510100,28.033886,1.659626,less,19053.928,414422.934,63235623940,0.562865337,0.010883107,0.01613,-0.015082784,0.734043632,0.245948323
Andorra,164,AD,0.4,468,0,7.2,376,Andorra la Vella,469,0,0,EUR,1.27,0.34,1.51,3154057987,1.064,0,2.7,Andorra la Vella,0,0,6.63,Catalan,0.364,3.33,77142,0,0,0,0,67873,42.506285,1.521801,sufficient,159.12,187.2,0,-0.031952663,0.000147195,0.01064,0.003352593,0.89946688,0.083028577
Angola,26,AO,0.475,1246700,117000,40.73,244,Luanda,34693,261.73,0.171,AOA,5.52,0.463,0.97,94635415870,1.135,0.093,51.6,Luanda,60.8,241,0.71,Portuguese,0.334,0.21,31825295,0.775,0.092,0.491,0.0689,21061025,-11.202692,17.873887,sufficient,577222.1,592182.5,8706458260,-0.108272311,0.011477499,0.01228,0.00112319,0.664880777,0.039500238
Antigua and Barbuda,223,AG,0.205,443,0,15.33,1,"St. John's, Saint John",557,113.81,0.012,XCD,1.99,0.223,0.99,1727759259,1.05,0.248,5,"St. John's, Saint John",76.9,42,3.04,English,0.243,2.76,97118,0,0.165,0.43,0,23800,17.060816,-61.796428,less,98.789,90.815,285080277.7,0.804775047,8.06E-05,0.01298,0.002173698,0.271743731,0.2715491
Argentina,17,AR,0.543,2780400,105000,17.02,54,Buenos Aires,201348,232.75,0.535,ARS,2.26,0.098,1.1,4.49663E+11,1.097,0.9,8.8,Buenos Aires,76.5,39,3.35,Spanish,0.176,3.96,44938712,0.613,0.101,1.063,0.0979,41339571,-38.416097,-63.616672,less,272479.2,1509757.2,45416008142,0.757729488,0.026136148,0.01997,-0.019372494,0.921943989,0.327135408
Armenia,104,AM,0.589,29743,49000,13.99,374,Yerevan,5156,129.18,0.014,AMD,1.76,0.117,0.77,13672802158,0.927,0.546,11,Yerevan,74.9,26,0.66,Armenian,0.816,4.4,2957731,0.556,0.209,0.226,0.1699,1869848,40.069099,45.038189,less,3479.931,17518.627,2857615651,0.72426297,0.00449909,0.01473,0.000648825,0.644633181,0.285910305
Australia,3,AU,0.482,7741220,58000,12.6,61,Canberra,375908,119.8,0.016,AUD,1.74,0.163,0.93,1.39268E+12,1.003,1.131,3.1,Sydney,82.7,6,13.59,,0.196,3.68,25766605,0.655,0.23,0.474,0.0527,21844756,-25.274398,133.775136,less,1261818.86,3731268.04,3.20317E+11,0.926480293,0.071017404,0.02134,-0.036367226,0.848152273,0.379326582
Austria,109,AT,0.324,83871,21000,9.7,43,Vienna,61448,118.06,0.015,EUR,1.47,0.469,1.2,4.46315E+11,1.031,0.851,2.9,Vienna,81.6,5,0,German,0.179,5.17,8877067,0.607,0.254,0.514,0.0467,5194416,47.516231,14.550072,sufficient,39335.499,27174.204,1.13364E+11,0.91683616,0.026431868,0.01882,-0.001521237,0.598191425,0.345013772
Azerbaijan,123,AZ,0.577,86600,82000,14,994,Baku,37620,156.32,0.026,AZN,1.73,0.141,0.56,39207000000,0.997,0.277,19.2,Baku,72.9,26,0.47,Azerbaijani language,0.786,3.45,10023318,0.665,0.13,0.407,0.0551,5616165,40.143105,47.576927,less,12210.6,49968.2,5096910000,0.603802346,0.007928734,0.01274,-0.002392674,0.575026409,0.242814627
Bahrain,2239,BH,0.111,765,19000,13.99,973,Manama,31694,117.59,0.021,BHD,1.99,0.008,0.43,38574069149,0.994,0.505,6.1,Riffa,77.2,14,0,Arabic,0.251,0.93,1501635,0.734,0.042,0.138,0.0071,1467109,26.0667,50.5577,less,6.12,84.915,1620110904,0.819618002,0.009069196,0.01499,-0.003123667,1.244894783,0.375171628
Bangladesh,1265,BD,0.706,148460,221000,18.18,880,Dhaka,84246,179.68,0.056,BDT,2.04,0.11,1.12,3.02571E+11,1.165,0.206,25.1,Dhaka,72.3,173,0.51,Bengali,0.718,0.58,167310838,0.59,0.088,0.334,0.0419,60987417,23.684994,90.356331,less,16330.6,104812.76,26626270364,0.399128013,0.019601566,0.01371,-0.007415685,0.515867637,0.177855206
Barbados,668,BB,0.233,430,1000,10.65,1,Bridgetown,1276,134.09,0.041,BBD,1.62,0.147,1.81,5209000000,0.994,0.654,11.3,Bridgetown,79.1,27,3.13,English,0.452,2.48,287025,0.652,0.275,0.356,0.1033,89431,13.193887,-59.543198,less,63.21,100.19,1432475000,0.769023437,0.005730097,0.01648,0.00134102,0.391502557,0.274786964
Belarus,47,BY,0.42,207600,155000,9.9,375,Minsk,58280,0,0.056,BYN,1.45,0.426,0.6,63080457023,1.005,0.874,2.6,Minsk,74.2,2,1.49,Russian,0.345,5.19,9466856,0.641,0.147,0.533,0.0459,7482982,53.709807,27.953389,sufficient,88437.6,87192,9272827182,0.836344098,0.008894874,0.01879,-0.001631011,0.796063391,0.336246635
Belgium,383,BE,0.446,30528,32000,10.3,32,City of Brussels,96889,117.11,0.014,EUR,1.62,0.226,1.43,5.29607E+11,1.039,0.797,2.9,Brussels,81.6,5,10.31,French,0.176,3.07,11484055,0.536,0.24,0.554,0.0559,11259082,50.503887,4.469936,less,6899.328,13615.488,1.27106E+11,0.91683616,0.029516985,0.01836,-0.007533655,1.026234328,0.387595479
Belize,17,BZ,0.07,22966,2000,20.79,501,Belmopan,568,105.68,-0.009,BZD,2.31,0.597,1.13,1879613600,1.117,0.247,11.2,Belize City,74.5,36,1.65,English,0.227,1.12,390353,0.651,0.263,0.311,0.0641,179039,17.189877,-88.49765,sufficient,13710.702,1607.62,494338376.8,0.708516613,0.005956719,0.01364,0.005912586,0.460693193,0.263728371
Benin,108,BJ,0.333,112622,12000,36.22,229,Porto-Novo,6476,110.71,-0.009,XOF,4.84,0.378,0.72,14390709095,1.22,0.123,60.5,Cotonou,61.5,397,0.39,French,0.405,0.08,11801151,0.709,0.108,0.489,0.0223,5648149,9.30769,2.315834,sufficient,42571.116,37503.126,1554196582,-0.341053207,0.007538594,0.01343,0.003125398,0.491531762,-0.048123328
Bhutan,20,BT,0.136,38394,6000,17.26,975,Thimphu,1261,167.18,0.027,0,1.98,0.725,0.98,2446674101,1.001,0.156,24.8,Thimphu,71.5,183,0.32,Dzongkha,0.198,0.42,727145,0.667,0.16,0.353,0.0234,317538,27.514162,90.433601,sufficient,27835.65,5221.584,391467856.2,0.384614975,0.006550183,0.01157,0.007122537,0.439084361,0.164312855
Bolivia,11,BO,0.348,1098581,71000,21.75,591,Sucre,21606,148.32,0.018,BOB,2.73,0.503,0.71,40895322865,0.982,0,21.8,Santa Cruz de la Sierra,71.2,155,1.36,Spanish,0.259,1.59,11513100,0.718,0.17,0.837,0.035,8033035,-16.290154,-63.588653,sufficient,552586.243,382306.188,6952204887,0.440952879,0.008738526,0.00982,0.00284604,0.699046081,0.206766009
Bosnia and Herzegovina,64,BA,0.431,51197,11000,8.11,387,Sarajevo,21848,104.9,0.006,BAM,1.27,0.427,1.05,20047848435,0,0.233,5,Tuzla Canton,77.3,10,1.04,Bosnian,0.286,2.16,3301000,0.464,0.204,0.237,0.1842,1605144,43.915886,17.679076,sufficient,21861.119,22065.907,4089761081,0.837284975,0.003733604,0.00233,0.002061578,0.493917256,0.302285856
Botswana,4,BW,0.456,581730,9000,24.82,267,Gaborone,6340,149.75,0.028,BWP,2.87,0.189,0.71,18340510789,1.032,0.249,30,Gaborone,69.3,144,0.29,English,0.053,0.37,2346179,0.708,0.195,0.251,0.1819,1616550,-22.328474,24.684866,less,109946.97,265268.88,3576399604,0.331228433,0.006116925,0.01281,0.001249145,0.689492508,0.172596384
Brazil,25,BR,0.339,8515770,730000,13.92,55,Bras√Ølia,462299,167.4,0.037,BRL,1.73,0.589,1.02,1.83976E+12,1.154,0.513,12.8,Sao Paulo,75.7,60,1.53,Portuguese,0.283,2.15,212559417,0.639,0.142,0.651,0.1208,183241641,-14.235004,-51.92528,sufficient,5015788.53,2886846.03,2.61246E+11,0.682763659,0.091040867,0.01667,-0.040839731,0.865063707,0.311303726
Brunei,83,BN,0.027,5765,8000,14.9,673,Bandar Seri Begawan,7664,99.03,-0.004,BND,1.85,0.721,0.37,13469422941,1.032,0.314,9.8,0,75.7,31,0,Malay,0.06,1.61,433285,0.647,0,0.08,0.0912,337711,4.535277,114.727669,sufficient,4156.565,155.655,0,0.743484009,0.006186599,0.01346,0.006435314,0.789350618,0.307184211
Bulgaria,64,BG,0.463,110879,31000,8.9,359,Sofia,41708,114.42,0.031,BGN,1.56,0.354,1.11,86000000000,0.893,0.71,5.9,Sofia,74.9,10,1.57,Bulgarian,0.477,4.03,6975761,0.554,0.202,0.283,0.0434,5256027,42.733883,25.48583,sufficient,39251.166,51336.977,17372000000,0.798531043,0.009119497,0.01603,-0.000675894,0.761127386,0.321056541
Burkina Faso,76,BF,0.442,274200,11000,37.93,226,Ouagadougou,3418,106.58,-0.032,XOF,5.19,0.193,0.98,15745810235,0.961,0.065,49,Ouagadougou,61.2,320,0.34,French,0.361,0.08,20321378,0.664,0.15,0.413,0.0626,6092349,12.238333,-1.561593,less,52920.6,121196.4,2361871535,-0.141514892,0.006748834,0.01026,0.001584505,0.308893078,-0.007588275
Burundi,463,BI,0.792,27830,31000,39.01,257,Bujumbura,495,182.11,-0.007,BIF,5.41,0.109,1.21,3012334882,1.214,0.061,41,Bujumbura,61.2,548,0,Kirundi,0.191,0.1,11530580,0.792,0.136,0.412,0.0143,1541177,-3.373056,29.918886,less,3033.47,22041.36,409677544,-0.245101205,0.007917581,0.01275,0.001039965,0.189056,-0.049939371
Cambodia,95,KH,0.309,181035,191000,22.46,855,Phnom Penh,9919,127.63,0.025,0,2.5,0.529,0.9,27089389787,1.074,0.137,24,Phnom Penh,69.6,160,0,Khmer language,0.594,0.17,16486542,0.823,0.171,0.231,0.0068,3924621,12.565679,104.990963,sufficient,95767.515,55939.815,4632285654,0.391834187,0.009426223,0.01211,0.004287376,0.249416336,0.147913552
Cameroon,56,CM,0.206,475440,24000,35.39,237,Yaounde,8291,118.65,0.025,XAF,4.57,0.393,1.03,38760467033,1.034,0.128,50.6,Douala,58.9,529,0.35,French,0.697,0.09,25876380,0.761,0.128,0.577,0.0338,14741256,7.369722,12.354722,sufficient,186847.92,97940.64,4961339780,-0.369121018,0.009080895,0.01162,0.003091936,0.576380161,-0.048040275
Canada,4,CA,0.069,9984670,72000,10.1,1,Ottawa,544894,116.76,0.019,CAD,1.5,0.382,0.81,1.73643E+12,1.009,0.689,4.3,Toronto,81.9,10,9.51,French,0.146,2.61,36991981,0.651,0.128,0.245,0.0556,30628482,56.130366,-106.346771,sufficient,3814143.94,688942.23,2.22262E+11,0.899433167,0.086990492,0.01698,-0.051258531,0.828454841,0.370130278
Cape Verde,138,CV,0.196,4033,1000,19.49,238,Praia,543,110.5,0.011,CVE,2.27,0.225,1.02,1981845741,1.04,0.236,16.7,Praia,72.8,58,0.68,Portuguese,0.232,0.77,483628,0.605,0.201,0.375,0.1225,364029,16.5388,-23.0418,less,907.425,790.468,398350993.9,0.604391098,0.00491749,0.01276,0.002195113,0.769215685,0.262349537
Central African Republic,8,CF,0.082,622984,8000,35.35,236,Bangui,297,186.86,0.371,0,4.72,0.356,1.41,2220307369,1.02,0.03,84.5,Bangui,52.8,829,0.37,French,0.396,0.06,4745185,0.72,0.086,0.733,0.0368,1982064,6.611111,20.939444,sufficient,221782.304,51084.688,190946433.7,-1.102602586,0.006935619,0.0105,0.003529979,0.418657214,-0.284551653
Chad,13,TD,0.397,1284000,35000,42.17,235,N'Djamena,1016,117.7,-0.01,XAF,5.75,0.038,0.78,11314951343,0.868,0.033,71.4,N'Djamena,54,1140,0.6,French,0.564,0.04,15946876,0.707,0,0.635,0.0189,3712273,15.454166,18.732207,less,48792,509748,0,-1.203956261,0.007409053,0.00901,0.000277302,0.234345379,-0.334056482
Chile,26,CL,0.212,756096,122000,12.43,56,Santiago,85822,131.91,0.026,CLP,1.65,0.243,1.03,2.82318E+11,1.014,0.885,6.2,Santiago,80,13,2,Spanish,0.322,2.59,18952038,0.626,0.182,0.34,0.0709,16610135,-35.675147,-71.542969,less,183731.328,160292.352,51381905074,0.852091021,0.018726383,0.01899,-0.006244989,0.87954081,0.351124235
China,153,CN,0.562,9596960,2695000,10.9,86,Beijing,9893038,125.08,0.029,CNY,1.69,0.224,0.96,1.991E+13,1.002,0.506,7.4,Shanghai,77,29,0.87,Standard Chinese,0.324,1.98,1397715000,0.68,0.094,0.592,0.0432,842933962,35.86166,104.195397,less,2149719.04,5393491.52,1.87154E+12,0.788847988,0.93553912,0.01508,-0.99776,0.621385815,0.386029758
Colombia,46,CO,0.403,1138910,481000,14.88,57,Bogota,97814,140.95,0.035,COP,1.81,0.527,0.68,3.23803E+11,1.145,0.553,12.2,Bogota,77.1,83,1.23,Spanish,0.183,2.18,50339443,0.688,0.144,0.712,0.0971,40827302,4.570868,-74.297333,sufficient,600205.57,458980.73,46627604368,0.686257693,0.021020412,0.01698,-0.004617155,0.816543712,0.295490209
Comoros,467,KM,0.715,2235,0,31.88,269,"Moroni, Comoros",202,103.62,-0.043,KMF,4.21,0.197,0,1185728677,0.995,0.09,51.3,"Moroni, Comoros",64.1,273,0.71,French,0.748,0.27,850886,0.433,0,2.196,0.0434,248152,-11.6455,43.3333,less,440.295,1598.025,0,-0.093906416,0.003951336,0.01085,0.001949582,0.347514149,0.010029761
Costa Rica,100,CR,0.345,51100,10000,13.97,506,San Jose,8023,128.85,0.021,CRC,1.75,0.546,0.98,61773944174,1.133,0.552,7.6,San Jose,80.1,27,1.84,Spanish,0.215,2.89,5047561,0.621,0.136,0.583,0.1185,4041885,9.748917,-83.753428,sufficient,27900.6,17629.5,8401256408,0.824520021,0.007907901,0.01685,0.004649026,0.812724595,0.334672795
Croatia,73,HR,0.276,56594,18000,9,385,Zagreb,17488,109.82,0.008,HRK,1.47,0.344,1.26,60415553039,0.965,0.679,4,Zagreb,78.1,8,2.92,Croatian,0.152,3,4067500,0.512,0.22,0.205,0.0693,2328318,45.1,15.2,sufficient,19468.336,15619.944,13291421669,0.860226106,0.007246507,0.01644,0.001672292,0.581154061,0.321533709
Cuba,106,CU,0.599,110860,76000,10.17,53,Havana,28284,0,0,CUP,1.62,0.313,1.4,1.00023E+11,1.019,0.414,3.7,Havana,78.7,36,0.05,Spanish,0,8.42,11333483,0.536,0,0,0.0164,8739135,21.521757,-77.781167,less,34699.18,66405.14,0,0.846454337,0.00986393,0.01433,0.00027102,0.783772424,0.337686179
Cyprus,131,CY,0.122,9251,16000,10.46,357,Nicosia,6626,102.51,0.003,EUR,1.33,0.187,1.23,24564647935,0.993,0.759,1.9,Nicosia,80.8,6,0,Greek,0.439,1.95,1198575,0.631,0.245,0.224,0.0727,800708,35.126413,33.429859,less,1729.937,1128.622,6018338744,0.918433233,0.006729397,0.01752,0.001200236,0.683723582,0.349268713
Czech Republic,139,CZ,0.452,78867,23000,10.7,420,Prague,102218,116.48,0.028,CZK,1.69,0.346,1.17,2.46489E+11,1.007,0.641,2.7,Prague,79,3,3,Czech,0.148,4.12,10669709,0.606,0.149,0.461,0.0193,7887156,49.817492,15.472962,sufficient,27287.982,35647.884,36726897579,0.89049719,0.017370299,0.01648,-0.006872317,0.755840811,0.349340965
Democratic Republic of the Congo,40,CD,0.116,2344858,134000,41.18,243,Kinshasa,2021,133.85,0.029,CDF,5.92,0.672,1.49,47319624204,1.08,0.066,68.2,Kinshasa,60.4,473,0.18,French,0.374,0.07,86790567,0.635,0.107,0.507,0.0424,39095679,-4.038333,21.758664,sufficient,1575744.576,272003.528,5063199790,-0.511144986,0.008134339,0.01146,0.006515715,0.455245836,-0.10251597
Denmark,137,DK,0.62,43094,15000,10.6,45,Copenhagen,31786,110.35,0.008,DKK,1.73,0.147,1.55,3.48078E+11,1.013,0.806,3.6,Copenhagen,81,4,0,Danish,0.137,4.01,5818553,0.622,0.324,0.238,0.0491,5119978,56.26392,9.501785,less,6334.818,26718.28,1.12777E+11,0.902395941,0.021973301,0.01819,-0.001742967,0.896331563,0.369221819
Djibouti,43,DJ,0.734,23200,13000,21.47,253,Djibouti City,620,120.25,0.033,DJF,2.73,0.002,1.32,3318716359,0.753,0.053,49.8,Djibouti City,66.6,248,0,French,0.204,0.22,973560,0.602,0,0.379,0.103,758549,11.825138,42.590275,less,46.4,17028.8,0,-0.025141802,0.00514488,0.00806,-4.27E-05,0.78429449,0.073778728
Dominica,96,DM,0.333,751,0,12,1,Roseau,180,103.87,0.01,XCD,1.9,0.574,0,596033333,1.147,0.072,32.9,Roseau,76.6,0,1.48,English,0.284,1.08,71808,0,0.221,0.326,0,50830,15.414999,-61.370976,sufficient,431.074,250.083,131723366.6,0.507606391,2.78E-05,0.01219,0.005721805,0.71934585,0.227519727
Dominican Republic,225,DO,0.487,48670,71000,19.51,1,Santo Domingo,25258,135.5,0.018,DOP,2.35,0.417,1.07,88941298258,1.057,0.599,24.1,Santo Domingo,73.9,95,0.4,Spanish,0.437,1.56,10738958,0.643,0.13,0.488,0.0584,8787475,18.735693,-70.162651,sufficient,20295.39,23702.29,11562368774,0.497523782,0.009996763,0.01656,0.001616891,0.845200358,0.239830895
East Timor,89,TL,0.256,14874,2000,29.42,670,Dili,495,145.38,0.026,USD,4.02,0.454,1.1,1673540300,1.153,0.178,39.3,Dili,69.3,142,0.6,Portuguese,0.102,0.72,3500000,0.673,0.25,0.173,0.0455,400182,-8.874217,125.727539,sufficient,6752.796,3807.744,418385075,0.222908392,0.006353102,0.01331,0.004489965,0.124986195,0.084294907
Ecuador,71,EC,0.222,283561,41000,19.72,593,Quito,41155,124.14,0.003,USD,2.43,0.502,0.61,1.07436E+11,1.033,0.449,12.2,Quito,76.8,59,2.46,Spanish,0.437,2.04,17373662,0.68,0,0.344,0.0397,11116711,-1.831239,-78.183406,sufficient,142347.622,62950.542,0,0.703614378,0.011416868,0.01482,0.000860004,0.648354834,0.281867014
Egypt,103,EG,0.038,1001450,836000,26.38,20,Cairo,238560,288.57,0.092,EGP,3.33,0.001,0.4,3.03175E+11,1.063,0.352,18.1,Cairo,71.8,37,0,Modern Standard Arabic,0.62,0.45,100388073,0.464,0.125,0.444,0.1076,42895824,26.820553,30.802498,less,1001.45,38055.1,37896890950,0.594374318,0.017712748,0.01415,-0.024103927,0.439623526,0.225917246
El Salvador,313,SV,0.764,21041,42000,18.25,503,San Salvador,7169,111.23,0.001,0,2.04,0.126,0.83,27022640000,0.948,0.294,11.8,San Salvador,73.1,46,0.5,Spanish,0.279,1.57,6453553,0.591,0.181,0.364,0.0411,4694702,13.794185,-88.89653,less,2651.166,16075.324,4891097840,0.676326927,0.006760108,0.01242,0.000535349,0.764909202,0.283643328
Equatorial Guinea,50,GQ,0.101,28051,1000,33.24,240,Malabo,5655,124.35,0.012,XAF,4.51,0.555,0,11026774945,0.618,0.019,62.6,Malabo,58.4,301,1.05,Spanish,0.72,0.4,1355986,0.62,0.061,0.794,0.0643,984812,1.650801,10.267895,sufficient,15568.305,2833.151,672633271.6,-0.318726783,0.006071604,0.00637,0.004978386,0.732252328,-0.018854143
Eritrea,35,ER,0.752,117600,202000,30.3,291,Asmara,711,0,0,ERN,4.06,0.149,2,2065001626,0.684,0.034,31.3,Asmara,65.9,480,0,Tigrinya,0.524,0.06,6333135,0.784,0,0.837,0.0514,1149670,15.179384,39.782334,less,17522.4,88435.2,0,-0.016142742,0.007422371,0.00718,0.001418131,0.185720132,0.017233503
Estonia,31,EE,0.231,45228,6000,10.9,372,Tallinn,16590,122.14,0.023,EUR,1.59,0.513,1.14,31386949981,0.972,0.696,2.1,Tallinn,78.2,9,3.14,Estonian,0.228,4.48,1331824,0.636,0.209,0.478,0.0511,916024,58.595272,25.013607,sufficient,23201.964,10447.668,6559872546,0.883012709,0.007313784,0.01668,0.003453063,0.691505607,0.339736779
Ethiopia,115,ET,0.363,1104300,138000,32.34,251,Addis Ababa,14870,143.86,0.158,ETB,4.25,0.125,0.75,96107662398,1.01,0.081,39.1,Addis Ababa,66.2,401,0,Amharic,0.378,0.08,112078730,0.796,0.075,0.377,0.0208,23788710,9.145,40.489673,less,138037.5,400860.9,7208074680,-0.036241902,0.012237207,0.01091,-0.000253077,0.226009269,0.016931696
Federated States of Micronesia,784,FM,0.314,702,0,22.82,691,Palikir,143,112.1,0.005,USD,3.05,0.919,0,401932279,0.972,0.141,25.6,Palikir,67.8,88,0,English,0.025,0.18,113815,0,0.252,0.605,0,25963,7.425554,150.550812,sufficient,645.138,220.428,101286934.3,0.414430688,1.88E-05,0.01113,0.009175545,0.321918147,0.160128042
Fiji,49,FJ,0.233,18274,4000,21.28,679,Suva,2046,132.3,0.018,FJD,2.77,0.559,0.82,5535548972,1.064,0.161,21.6,Suva,67.3,34,1.28,Fiji Hindi,0.214,0.84,889953,0.576,0.242,0.321,0.041,505048,-17.713371,178.065032,sufficient,10215.166,4257.842,1339602851,0.502869687,0.005608336,0.01225,0.005383188,0.573362279,0.212856696
Finland,18,FI,0.075,338145,25000,8.6,358,Helsinki,45871,112.33,0.01,EUR,1.41,0.731,1.45,2.68761E+11,1.002,0.882,1.4,Helsinki,81.7,3,0,Swedish,0.199,3.81,5520314,0.591,0.208,0.366,0.0659,4716888,61.92411,25.748151,sufficient,247183.995,25360.875,55902329884,0.93749773,0.017793699,0.01884,0.002673305,0.856613716,0.375528111
France,119,FR,0.524,643801,307000,11.3,33,Paris,303276,110.05,0.011,EUR,1.88,0.312,1.39,2.71552E+12,1.025,0.656,3.4,Paris,82.5,8,11.16,French,0.068,3.27,67059887,0.551,0.242,0.607,0.0843,54123364,46.227638,2.213749,less,200865.912,337351.724,6.57155E+11,0.918848946,0.13139634,0.01681,-0.027535497,0.821327853,0.38986823
Gabon,9,GA,0.2,267667,7000,31.61,241,Libreville,5321,122.19,0.021,XAF,3.97,0.9,0.92,16657960228,1.399,0.083,32.7,Libreville,66.2,252,1.46,French,0.259,0.68,2172579,0.529,0.102,0.471,0.2,1949694,-0.803689,11.609444,sufficient,240900.3,53533.4,1699111943,0.169062961,0.004067403,0.01482,0.008462147,0.898486757,0.145817737
Georgia,57,GE,0.345,69700,26000,13.47,995,Tbilisi,10128,133.61,0.049,GEL,2.06,0.406,0.76,17743195770,0.986,0.639,8.7,Tbilisi,73.6,25,0.05,Georgian,0.573,7.12,3720382,0.683,0.217,0.099,0.144,2196476,42.315407,43.356892,sufficient,28298.2,24046.5,3850273482,0.737128988,0.006218049,0.01625,0.00303625,0.597209725,0.286119619
Germany,240,DE,0.477,357022,180000,9.5,49,Berlin,727973,112.85,0.014,EUR,1.56,0.327,1.39,3.84563E+12,1.04,0.702,3.1,Berlin,80.9,7,9.99,German,0.125,4.25,83132799,0.608,0.115,0.488,0.0304,64324835,51.165691,10.451526,less,116746.194,170299.494,4.42247E+11,0.904533445,0.185246033,0.01742,-0.070314373,0.802475009,0.390855887
Ghana,137,GH,0.69,238533,16000,29.41,233,Accra,16670,268.36,0.072,GHS,3.87,0.412,0.92,66983634224,1.048,0.157,34.9,Accra,63.8,308,0.27,English,0.361,0.14,30792608,0.678,0.126,0.554,0.0433,17249054,7.946527,-1.023194,sufficient,98275.596,164587.77,8439937912,0.066228761,0.00947303,0.01205,0.002434977,0.576560142,0.082668147
Greece,81,GR,0.476,131957,146000,8.1,30,Athens,62434,101.87,0.002,EUR,1.35,0.317,1.54,2.09853E+11,0.996,1.366,3.6,Macedonia,81.3,3,4.46,Greek,0.355,5.48,10716322,0.518,0.262,0.519,0.1724,8507474,39.074208,21.824312,less,41830.369,62811.532,54981423505,0.906778386,0.013249527,0.02362,-0.003140903,0.803571341,0.359955896
Grenada,331,GD,0.235,349,0,16.47,1,"St. George's, Grenada",268,107.43,0.008,XCD,2.06,0.5,1.12,1228170370,1.069,1.046,13.7,"St. George's, Grenada",72.4,25,0,English,0.57,1.41,112003,0,0.194,0.478,0,40765,12.1165,-61.679,sufficient,174.5,82.015,238265051.8,0.663905868,5.73E-05,0.02115,0.00497291,0.403566241,0.24451865
Guatemala,167,GT,0.36,108889,43000,24.56,502,Guatemala City,16777,142.92,0.037,GTQ,2.87,0.327,0.79,76710385880,1.019,0.218,22.1,Guatemala City,74.1,95,1.6,Spanish,0.558,0.35,16604026,0.623,0.106,0.352,0.0246,8540945,15.783471,-90.230759,less,35606.703,39200.04,8131300903,0.523534342,0.009563964,0.01237,0.001574161,0.534370861,0.215598504
Guinea,53,GN,0.59,245857,13000,36.36,224,Conakry,2996,262.95,0.095,GNF,4.7,0.258,0.9,13590281809,0.915,0.116,64.9,Kankan,61.2,576,0,French,0.545,0.08,12771246,0.615,0.108,0.693,0.043,4661505,9.945587,-9.696645,less,63431.106,145055.63,1467750435,-0.552289268,0.006354239,0.01031,0.002277161,0.371341246,-0.124560522
Guinea-Bissau,70,GW,0.58,36125,4000,35.13,245,Bissau,293,111.65,0.014,XOF,4.48,0.698,0,1340389411,1.187,0.026,54,Bissau,58,667,0.16,Portuguese,0.372,0.13,1920922,0.72,0.103,0.455,0.0247,840922,11.803749,-15.180413,sufficient,25215.25,20952.5,138060109.3,-0.539896346,0.007015554,0.01213,0.006950383,0.446145197,-0.112131938
Guyana,4,GY,0.086,214969,3000,19.97,592,"Georgetown, Guyana",2384,116.19,0.021,GYD,2.46,0.839,0.9,4280443645,0.978,0.116,25.1,"Georgetown, Guyana",69.8,169,0.98,English,0.405,0.8,782766,0.562,0,0.306,0.1185,208912,4.860416,-58.93018,sufficient,180358.991,18487.334,0,0.373332269,0.004634762,0.01094,0.008149022,0.26736805,0.14330553
Haiti,414,HT,0.668,27750,0,24.35,509,Port-au-Prince,2978,179.29,0.125,HTG,2.94,0.035,0.81,8498981821,1.136,0.011,49.5,Port-au-Prince,63.7,480,0.25,French,0.363,0.23,11263077,0.672,0,0.427,0.1378,6328948,18.971187,-72.285215,less,971.25,18537,0,-0.257288482,0.005738635,0.01147,4.90E-05,0.611453361,-0.012305203
Honduras,89,HN,0.289,112090,23000,21.6,504,Tegucigalpa,9813,150.34,0.044,HNL,2.46,0.4,0.98,25095395475,0.915,0.262,15.1,Tegucigalpa,75.1,65,1.01,Spanish,0.491,0.31,9746117,0.688,0.173,0.391,0.0539,5626433,15.199999,-86.241905,sufficient,44836,32394.01,4341503417,0.644171137,0.007512166,0.01177,0.00300809,0.587948445,0.256729441
Hungary,107,HU,0.584,93028,40000,9.6,36,Budapest,45537,121.64,0.033,HUF,1.54,0.229,1.18,1.60967E+11,1.008,0.485,3.6,Budapest,75.8,12,2.62,Hungarian,0.29,3.41,9769949,0.565,0.23,0.379,0.034,6999582,47.162494,19.503304,less,21303.412,54328.352,37022446226,0.834549489,0.012822106,0.01493,-0.002312934,0.729242079,0.329133641
Iceland,3,IS,0.187,103000,0,12,354,Reykjavik,2065,129,0.03,ISK,1.71,0.005,1.69,24188035739,1.004,0.718,1.5,Reykjavik,82.7,4,0,Icelandic,0.17,4.08,361313,0.75,0.233,0.319,0.0284,339110,64.963051,-19.020835,less,515,19261,5635812327,0.947154335,0.008344821,0.01722,-0.000158733,0.938908063,0.383543502
India,464,IN,0.604,3287263,3031000,17.86,91,New Delhi,2407672,180.44,0.077,INR,2.22,0.238,0.97,2.611E+12,1.13,0.281,29.9,Kurebhar,69.4,145,0.3,Hindi,0.651,0.86,1366417754,0.493,0.112,0.497,0.0536,471031528,20.593684,78.96288,less,782368.594,1985506.852,2.92432E+11,0.33271326,0.126245622,0.01411,-0.240990338,0.400235673,0.1380724
Indonesia,151,ID,0.315,1904569,676000,18.07,62,Jakarta,563325,151.18,0.03,IDR,2.31,0.499,0.63,1.11919E+12,1.064,0.363,21.1,Kalimantan,71.5,177,0.48,Indonesian,0.483,0.43,270203917,0.675,0.102,0.301,0.0469,151509724,-0.789275,113.921327,sufficient,950379.931,599939.235,1.14157E+11,0.433619348,0.058512027,0.01427,-0.051951558,0.578790164,0.197654094
Iran,52,IR,0.282,1648195,563000,18.78,98,Tehran,661710,550.93,0.399,IRR,2.14,0.066,0.4,4.45345E+11,1.107,0.681,12.4,Tehran,76.5,16,1.58,Persian,0.397,1.58,82913906,0.447,0.074,0.447,0.1138,62509623,32.427908,53.688046,less,108780.87,464790.99,32955550877,0.735125938,0.024115625,0.01788,-0.066226431,0.760131586,0.296221882
Iraq,93,IQ,0.214,438317,209000,29.08,964,Baghdad,190061,119.86,0.004,IQD,3.67,0.019,0.61,2.34094E+11,1.087,0.162,22.5,Baghdad,70.5,79,1.24,Arabic,0.765,0.71,39309783,0.43,0.02,0.308,0.1282,27783368,33.223191,43.679291,less,8328.023,93799.838,4681880859,0.490559091,0.013942833,0.01249,-0.019021591,0.717907053,0.222088902
Israel,400,IL,0.246,20770,178000,20.8,972,Jerusalem,65166,108.15,0.008,ILS,3.09,0.077,1.57,3.95099E+11,1.049,0.634,3,Jerusalem,82.8,3,7.58,Hebrew,0.244,4.62,9053300,0.64,0.231,0.253,0.0386,8374393,31.046051,34.851612,less,1599.29,5109.42,91267791874,0.931443381,0.024452688,0.01683,-0.005817056,0.972868336,0.385326461
Italy,206,IT,0.432,301340,347000,7.3,39,Rome,320411,110.62,0.006,EUR,1.29,0.318,1.61,2.00124E+12,1.019,0.619,2.6,Rome,82.9,2,0,Italian,0.228,3.98,60297396,0.496,0.243,0.591,0.0989,42651966,41.87194,12.56738,less,95826.12,130178.88,4.86302E+11,0.938217634,0.097366203,0.01638,-0.029207523,0.732007044,0.377902417
Ivory Coast,83,CI,0.648,322463,27000,35.74,225,Yamoussoukro,9674,111.61,-0.009,XOF,4.65,0.327,0.93,58792205642,0.998,0.093,59.4,Abidjan,57.4,617,0.36,French,0.36,0.23,25716544,0.57,0.118,0.501,0.0332,13176900,7.539989,-5.54708,less,105445.401,208956.024,6937480266,-0.567349171,0.008111748,0.01091,0.002292141,0.522320606,-0.113418933
Jamaica,273,JM,0.41,10991,4000,16.1,1876,"Kingston, Jamaica",8225,162.47,0.039,JMD,1.98,0.309,1.11,16458071068,0.91,0.271,12.4,"Kingston, Jamaica",74.4,80,1.33,Jamaican English,0.237,1.31,2948279,0.66,0.268,0.351,0.08,1650594,18.109581,-77.297508,less,3396.219,4506.31,4410763046,0.6548836,0.006568075,0.01181,0.002258607,0.592513317,0.260059221
Japan,347,JP,0.123,377944,261000,7.4,81,Tokyo,1135886,105.48,0.005,0,1.42,0.685,1.06,5.08177E+12,0.988,0.632,1.8,Tokyo,84.2,5,6.77,,0.131,2.41,126226568,0.617,0.119,0.467,0.0229,115782416,36.204824,138.252924,sufficient,258891.64,46487.112,6.04731E+11,0.960298877,0.24309989,0.0162,-0.107966702,0.958775796,0.43178721
Jordan,115,JO,0.12,89342,116000,21.98,962,Amman,25108,125.6,0.008,JOD,2.76,0.011,1.1,43743661972,0.815,0.344,13.9,Amman,74.4,46,1.49,Arabic,0.251,2.32,10101694,0.393,0.151,0.286,0.1472,9213048,30.585164,36.238414,less,982.762,10721.04,6605292958,0.666697338,0.004499454,0.01159,-0.002427946,0.925789275,0.2956668
Kazakhstan,7,KZ,0.804,2724900,71000,21.77,7,Astana,247207,182.75,0.052,KZT,2.84,0.012,0.42,1.80162E+11,1.044,0.617,8.8,Almaty,73.2,10,0.41,Russian,0.388,3.25,18513930,0.688,0.117,0.284,0.0459,10652915,48.019573,66.923684,less,32698.8,2190819.6,21078923718,0.744305193,0.01482889,0.01661,-0.024867976,0.576237504,0.284214334
Kenya,94,KE,0.485,580367,29000,28.75,254,Nairobi,17910,180.51,0.047,KES,3.49,0.078,0.95,95503088538,1.032,0.115,30.6,Nairobi,66.3,342,0.25,Swahili,0.334,0.16,52573973,0.747,0.151,0.372,0.0264,14461523,-0.023559,37.906193,less,45268.626,281477.995,14420966369,0.116825122,0.011662992,0.01147,-0.001030364,0.286316714,0.068734402
Kiribati,147,KI,0.42,811,0,27.89,686,South Tarawa,66,99.55,0.006,AUD,3.57,0.15,0,194647202,1.013,0,41.2,South Tarawa,68.1,92,0,English,0.002,0.2,117606,0,0.22,0.327,0,64489,1.8368976,-157.3768317,less,121.65,340.62,42822384.44,0.229849923,9.08E-06,0.01013,0.001493329,0.565935813,0.127800829
Kuwait,240,KW,0.084,17818,25000,13.94,965,Kuwait City,98734,126.6,0.011,KWD,2.08,0.004,0.35,1.34761E+11,0.924,0.544,6.7,Kuwait City,75.4,12,0.95,Modern Standard Arabic,0.144,2.58,4207083,0.735,0.014,0.13,0.0218,4207083,29.31166,47.481766,less,71.272,1496.712,1886656785,0.793179258,0.013421112,0.01468,-0.00994015,1.028715004,0.345625533
Kyrgyzstan,34,KG,0.55,199951,21000,27.1,996,Bishkek,9787,155.68,0.011,KGS,3.3,0.033,0.56,8454619608,1.076,0.413,16.9,Bishkek,71.4,60,0.09,Russian,0.482,1.88,6456900,0.598,0.18,0.29,0.0633,2362644,41.20438,74.766098,less,6598.383,109973.05,1521831529,0.583891661,0.005741565,0.01489,-0.000659282,0.369977916,0.216479789
Laos,32,LA,0.103,236800,129000,23.55,856,Vientiane,17763,135.87,0.033,LAK,2.67,0.821,0.93,18173839128,1.024,0.15,37.6,Vientiane,67.6,185,0.83,Lao,0.454,0.37,7169455,0.785,0.129,0.241,0.0063,2555552,19.85627,102.495496,sufficient,194412.8,24390.4,2344425248,0.185729107,0.008635147,0.01174,0.006414495,0.360278634,0.097215557
Latvia,30,LV,0.311,64589,6000,10,371,Riga,7004,116.86,0.028,EUR,1.6,0.54,1.16,34117202555,0.994,0.881,3.3,Riga,74.7,19,2.8,Latvian,0.416,3.19,1912789,0.614,0.229,0.381,0.0652,1304943,56.879635,24.603189,sufficient,34878.06,20087.179,7812839385,0.819132266,0.007080201,0.01875,0.004692027,0.685809422,0.320544476
Lebanon,667,LB,0.643,10400,80000,17.55,961,Beirut,24796,130.02,0.03,LBP,2.09,0.134,0.74,53367042272,0.951,0.263,6.4,"Tripoli, Lebanon",78.9,29,2.15,Arabic,0.321,2.1,6855713,0.47,0.153,0.322,0.0623,6084994,33.854721,35.862285,less,1393.6,6687.2,8165157468,0.822930552,0.006567563,0.01214,-0.001166409,0.967383818,0.347512477
Lesotho,71,LS,0.776,30355,2000,26.81,266,Maseru,2512,155.86,0.052,0,3.14,0.016,0.7,2460072444,1.209,0.102,65.7,Maseru,53.7,544,0.41,English,0.169,0.07,2125268,0.679,0.316,0.136,0.2341,607508,-29.609988,28.233608,less,485.68,23555.48,777382892.3,-0.621752651,0.004563808,0.01311,-9.39E-05,0.294344922,-0.153342438
Liberia,53,LR,0.28,111369,2000,33.04,231,Monrovia,1386,223.13,0.236,0,4.32,0.431,0.8,3070518100,0.851,0.119,53.5,Monrovia,63.7,661,0.17,English,0.196,0.04,4937374,0.763,0.129,0.462,0.0281,2548426,6.428055,-9.429499,sufficient,48000.039,31183.32,396096834.9,-0.462017064,0.007492297,0.0097,0.004169901,0.522491313,-0.081917429
Libya,4,LY,0.087,1759540,0,18.83,218,0,50564,125.71,0.026,LYD,2.24,0.001,0.11,52076250948,1.09,0.605,10.2,0,72.7,72,1.88,Arabic,0.367,2.09,6777452,0.497,0,0.326,0.1856,5448597,26.3351,17.228331,less,1759.54,153079.98,0,0.667969301,0.005544324,0.01695,-0.005101069,0.804408585,0.28484257
Liechtenstein,238,LI,0.322,160,0,9.9,423,Vaduz,51,0,0,CHF,1.44,0.431,1.74,6552858739,1.047,0.356,0,Schaan,83,0,0,German,0,0,38019,0,0,0.216,0,5464,47.1410392,9.520935,sufficient,68.96,51.52,0,0.971896956,0.000305813,0.01403,0.004304845,0.172193327,0.312316599
Lithuania,43,LT,0.472,65300,34000,10,370,Vilnius,12963,118.38,0.023,EUR,1.63,0.348,1.16,54219315600,1.039,0.724,3.3,Vilnius,75.7,8,2.41,Lithuanian,0.321,6.35,2786844,0.616,0.169,0.426,0.0635,1891013,55.169438,23.881275,sufficient,22724.4,30821.6,9163064336,0.840407086,0.008055338,0.01763,0.002169685,0.683694773,0.32635689
Luxembourg,242,LU,0.537,2586,2000,10.3,352,Luxembourg City,8988,115.09,0.017,EUR,1.37,0.357,1.19,71104919108,1.023,0.192,1.9,Luxembourg City,82.1,5,13.05,Luxembourgish,0.106,3.01,645397,0.593,0.265,0.204,0.0536,565488,49.815273,6.129583,sufficient,923.202,1388.682,18842803564,0.934525281,0.008712365,0.01215,0.002661482,0.905140581,0.375878956
Madagascar,48,MG,0.712,587041,22000,32.66,261,Antananarivo,3905,184.33,0.056,MGA,4.08,0.214,1.11,14083906357,1.425,0.054,38.2,Antananarivo,66.7,335,0.21,French,0.217,0.18,26969307,0.861,0.102,0.383,0.0176,10210849,-18.766947,46.869107,less,125626.774,417973.192,1436558448,0.037655091,0.009091276,0.01479,0.001745278,0.384352989,0.055224437
Malawi,203,MW,0.614,118484,15000,34.12,265,Lilongwe,1298,418.34,0.094,MWK,4.21,0.332,1.15,7666704427,1.425,0.008,35.3,Lilongwe,63.8,349,0.12,English,0.11,0.04,18628747,0.767,0.173,0.345,0.0565,3199301,-13.254308,34.301525,sufficient,39336.688,72749.176,1326339866,0.025842859,0.007462794,0.01433,0.003188797,0.196028107,0.032565686
Malaysia,99,MY,0.263,329847,136000,16.75,60,Kuala Lumpur,248289,121.46,0.007,MYR,2,0.676,0.45,3.64702E+11,1.053,0.451,6.7,Johor Bahru,76,29,0.93,Malaysian language,0.367,1.51,32447385,0.643,0.12,0.387,0.0332,24475766,4.210484,101.975766,sufficient,222976.572,86749.761,43764182135,0.78542241,0.023118096,0.01504,-0.018337346,0.76616662,0.318280307
Maldives,1802,MV,0.263,298,5000,14.2,960,Male,1445,99.7,0.002,0,1.87,0.033,1.63,5729248472,0.971,0.312,7.4,Male,78.6,53,0,Divehi,0.164,4.56,530953,0.698,0.195,0.302,0.0614,213645,3.202778,73.22068,less,9.834,78.374,1117203452,0.786713786,0.006633376,0.01283,0.000183938,0.617982067,0.302064277
Mali,17,ML,0.338,1240192,18000,41.54,223,Bamako,3179,108.73,-0.017,XOF,5.88,0.038,1.12,17510141171,0.756,0.045,62,Bamako,58.9,562,0.23,French,0.463,0.13,19658031,0.708,0.116,0.545,0.0722,8479688,17.570692,-3.996166,less,47127.296,419184.896,2031176376,-0.532727912,0.007175173,0.00801,5.87E-05,0.433393967,-0.113074384
Malta,1380,MT,0.324,316,2000,9.2,356,Valletta,1342,113.45,0.016,EUR,1.23,0.011,1.36,14786156563,1.05,0.543,6.1,Birkirkara,82.3,6,5.07,Maltese,0.371,2.86,502653,0.565,0.262,0.44,0.0347,475902,35.937496,14.375416,less,3.476,102.384,3873973020,0.886293494,0.005993049,0.01593,-2.57E-05,1.111891654,0.381757628
Marshall Islands,329,MH,0.639,181,0,29.03,692,Majuro,143,0,0,USD,4.05,0.702,1.44,221278000,0.847,0.237,27.4,Majuro,65.2,0,2,Marshallese,0.1,0.42,58791,0,0.178,0.659,0,45514,7.131474,171.184478,sufficient,127.062,115.659,39387484,0.439205687,1.03E-05,0.01084,0.007005545,0.813529598,0.216336079
Mauritania,5,MR,0.385,1030700,21000,33.69,222,Nouakchott,2739,135.02,0.023,MRU,4.56,0.002,1.13,7593752450,0.999,0.05,51.5,Nouakchott,64.7,766,0.53,Arabic,0.482,0.19,4525696,0.459,0,0.67,0.0955,2466821,21.00789,-10.940835,less,2061.4,396819.5,0,-0.517943171,0.00398939,0.01049,-0.000256861,0.545668203,-0.097759313
Mauritius,626,MU,0.424,2040,3000,10.2,230,Port Louis,4349,129.91,0.004,MUR,1.41,0.19,1.12,14180444557,1.011,0.406,13.6,Port Louis,74.4,61,0.38,French,0.507,2.53,1265711,0.583,0.191,0.222,0.0667,515980,-20.348404,57.552152,less,387.6,864.96,2708464910,0.657204156,0.005824781,0.01417,0.001460398,0.482558502,0.249926352
Mexico,66,MX,0.546,1964375,336000,17.6,52,Mexico City,486406,141.54,0.036,MXN,2.13,0.339,0.73,1.25829E+12,1.058,0.402,11,Mexico City,75,33,0.49,,0.414,2.38,126014024,0.607,0.131,0.551,0.0342,102626859,23.634501,-102.552784,sufficient,665923.125,1072548.75,1.64836E+11,0.719346974,0.064450435,0.0146,-0.045776495,0.822304862,0.310200713
Moldova,123,MD,0.742,33851,7000,10.1,373,Chisinau,5115,166.2,0.048,MDL,1.26,0.126,0.8,11955435457,0.906,0.398,13.6,Chisinau,71.8,19,0.31,Romanian,0.462,3.21,2657637,0.431,0.177,0.387,0.0547,1135502,47.411631,28.369885,less,4265.226,25117.442,2116112076,0.66328093,0.004320943,0.01304,0.00074297,0.441976445,0.246981605
Mongolia,2,MN,0.715,1564116,18000,24.13,976,Ulaanbaatar,25368,195.76,0.073,MNT,2.9,0.08,0.72,13852850259,1.04,0.656,14,Ulaanbaatar,69.7,45,0.65,Mongolian,0.393,2.86,3225167,0.597,0.168,0.257,0.0601,2210626,46.862496,103.846656,less,125129.28,1118342.94,2327278844,0.611348342,0.006015493,0.01696,-0.001764227,0.685669224,0.256602664
Montenegro,47,ME,0.19,13812,12000,11.73,382,Podgorica,2017,116.32,0.026,EUR,1.75,0.615,1.16,5494736901,1,0.561,2.3,Podgorica,76.8,6,1.23,Montenegrin language,0.318,2.76,622137,0.544,0,0.222,0.1488,417765,42.708678,19.37439,sufficient,8494.38,2624.28,0,0.866861098,0.004208431,0.01561,0.005946119,0.677123362,0.332836691
Morocco,83,MA,0.685,446550,246000,18.94,212,Rabat,61276,111.07,0.002,MAD,2.42,0.126,0.99,1.18725E+11,1.139,0.359,19.2,Casablanca,76.5,70,1.6,Arabic,0.531,0.73,36910560,0.453,0.219,0.458,0.0902,22975026,31.791702,-7.09262,less,56265.3,305886.75,26000836232,0.607696043,0.009168738,0.01498,-0.004933851,0.632381904,0.25009511
Mozambique,40,MZ,0.635,799380,11000,37.52,258,Maputo,7943,182.31,0.028,MZN,4.85,0.48,0.65,14934159926,1.126,0.073,54,Maputo,60.2,289,0.27,Portuguese,0.068,0.08,30366036,0.781,0,0.361,0.0324,11092106,-18.665695,35.529562,sufficient,383702.4,507606.3,0,-0.185439569,0.008182956,0.01199,0.003997112,0.370065846,-0.01358198
Myanmar,83,MM,0.195,676578,513000,17.55,95,Naypyidaw,25280,168.18,0.088,MMK,2.15,0.436,0.54,76085852617,1.123,0.188,36.8,Yangon,66.9,250,0.39,Burmese,0.739,0.68,54045420,0.617,0.054,0.312,0.0158,16674093,21.916221,95.955974,sufficient,294988.008,131932.71,4108636041,0.130478102,0.009562818,0.01311,0.001804668,0.318450606,0.076271896
Namibia,3,0,0.471,824292,16000,28.64,264,Windhoek,4228,157.97,0.037,0,3.4,0.083,0.76,12366527719,1.242,0.229,29,Windhoek,63.4,195,0,English,0.083,0.42,2494530,0.595,0.271,0.207,0.2027,1273258,-22.95764,18.49041,less,68416.236,388241.532,3351329012,0.229628275,0.004500128,0.01471,0.000402629,0.510778937,0.124093803
Nepal,203,NP,0.287,147181,112000,19.89,977,Kathmandu,9105,188.73,0.056,NPR,1.92,0.254,0.91,30641380604,1.421,0.124,26.7,Kathmandu,70.5,186,0.36,Nepali,0.604,0.75,28608710,0.838,0.207,0.418,0.0141,5765513,28.394857,84.124008,less,37383.974,42240.947,6342765785,0.34781147,0.009668989,0.01545,0.001619656,0.225818096,0.132675446
Netherlands,508,NL,0.533,41543,41000,9.7,31,Amsterdam,170780,115.91,0.026,0,1.59,0.112,1.68,9.0907E+11,1.042,0.85,3.3,Amsterdam,81.8,5,10.29,Dutch,0.123,3.61,17332850,0.636,0.23,0.412,0.032,15924729,52.132633,5.291266,less,4652.816,22142.419,2.09086E+11,0.914444353,0.04846501,0.01892,-0.016142645,0.979540076,0.385766169
New Zealand,18,NZ,0.405,268838,9000,11.98,64,Wellington,34382,114.24,0.016,NZD,1.71,0.386,1.4,2.06929E+11,1,0.82,4.7,Auckland,81.9,9,11.49,English,0.126,3.59,4841000,0.699,0.29,0.346,0.0407,4258860,-40.900557,174.885971,sufficient,103771.468,108879.39,60009342008,0.895569005,0.016240068,0.0182,0.000384627,0.881901611,0.364618574
Nicaragua,55,NI,0.421,130370,12000,20.64,505,Managua,5592,162.74,0.054,NIO,2.4,0.259,0.91,12520915291,1.206,0.174,15.7,Managua,74.3,98,0.54,Spanish,0.36,0.98,6545502,0.664,0.156,0.606,0.0684,3846137,12.865416,-85.207229,less,33765.83,54885.77,1953262785,0.599007211,0.006540333,0.0138,0.002024754,0.594180525,0.243819012
Niger,19,NE,0.361,1267000,10000,46.08,227,Niamey,2017,109.32,-0.025,XOF,6.91,0.009,0.88,12928145120,0.747,0.044,48,Niamey,62,509,0.29,French,0.523,0.04,23310715,0.72,0.118,0.472,0.0047,3850231,17.607789,8.081666,less,11403,457387,1525521124,-0.284660717,0.007756338,0.00791,-0.000113881,0.16744328,-0.065149885
Nigeria,226,NG,0.777,923768,215000,37.91,234,Abuja,120369,267.51,0.114,NGN,5.39,0.072,0.46,4.4812E+11,0.847,0.102,75.7,Lagos,54.3,917,0.54,English,0.722,0.38,200963599,0.529,0.015,0.348,0.081,102806948,9.081999,8.675277,less,66511.296,717767.736,6721806433,-1.057417911,0.025393137,0.00949,-0.011447041,0.53860996,-0.256835149
North Korea,214,KP,0.218,120538,1469000,13.89,850,Pyongyang,28284,0,0,KPW,1.9,0.407,0.58,32100000000,1.128,0.27,13.7,Pyongyang,72.1,89,0,Korean,0,3.67,25666161,0.804,0,0,0.0274,15947412,40.339852,127.510093,sufficient,49058.966,26277.284,0,0.604740813,0.009264061,0.01398,0.00121102,0.646944193,0.251410331
Norway,15,NO,0.027,323802,23000,10.4,47,Oslo,41023,120.27,0.022,NOK,1.56,0.332,1.78,4.03336E+11,1.003,0.82,2.1,Oslo,82.8,2,0,Norwegian,0.143,2.92,5347896,0.638,0.239,0.362,0.0335,4418218,60.472024,8.468946,sufficient,107502.264,8742.654,96397390909,0.942963834,0.024868129,0.01823,-0.000826653,0.827954733,0.375423658
Oman,16,OM,0.046,309500,47000,19.19,968,Muscat,63457,113.53,0.001,OMR,2.89,0,0.45,76983094928,1.034,0.38,9.8,Seeb,77.6,19,4.33,Arabic,0.064,2,5266535,0.724,0.025,0.274,0.0267,4250777,21.4735329,55.975413,less,0,14237,1924577373,0.776167035,0.010565691,0.01414,-0.006414309,0.809044069,0.318261794
Pakistan,287,PK,0.478,796095,936000,28.25,92,Islamabad,201150,182.32,0.106,PKR,3.51,0.019,0.79,3.044E+11,0.943,0.09,57.2,Karachi,67.1,140,0.69,Urdu,0.665,0.98,216565318,0.526,0.092,0.339,0.0445,79927762,30.375321,69.345116,less,15125.805,380533.41,28004800000,-0.012947922,0.019020911,0.01033,-0.02014248,0.403408359,0.040256315
Palau,39,PW,0.109,459,0,14,680,Ngerulmud,224,118.17,0.013,USD,2.21,0.876,0,283994900,1.126,0.547,16.6,Koror,69.1,0,3,English,0.218,1.18,18233,0,0.213,0.766,0,14491,7.51498,134.58252,sufficient,402.084,50.031,60490913.7,0.612683785,1.33E-05,0.01673,0.008737358,0.799433917,0.268408444
Panama,58,PA,0.304,75420,26000,18.98,507,Panama City,10715,122.07,-0.004,0,2.46,0.619,0.74,66800800000,0.944,0.478,13.1,Panama City,78.3,52,1.53,Spanish,0.305,1.57,4246439,0.666,0,0.372,0.039,2890084,8.537981,-80.782127,sufficient,46684.98,22927.68,0,0.71661485,0.009387497,0.01422,0.005106915,0.687529478,0.289694314
Papua New Guinea,20,PG,0.026,462840,4000,27.07,675,Port Moresby,7536,155.99,0.036,PGK,3.56,0.741,1.36,24969611435,1.085,0.018,38,Port Moresby,64.3,145,1.16,Tok Pisin,0.058,0.07,8776109,0.472,0.136,0.371,0.0246,1162834,-6.314993,143.95555,sufficient,342964.44,12033.84,3395867155,0.177136302,0.005639296,0.01103,0.006648252,0.134892867,0.071243239
Paraguay,18,PY,0.551,406752,27000,20.57,595,Asuncion,7407,143.82,0.028,PYG,2.43,0.377,1.04,38145288940,1.044,0.346,17.2,Ciudad del Este,74.1,129,1.55,Spanish,0.365,1.35,7044636,0.721,0.1,0.35,0.0481,4359150,-23.442503,-58.443832,sufficient,153345.504,224120.352,3814528894,0.55195729,0.008509186,0.0139,0.003021292,0.620943581,0.233042035
Peru,26,PE,0.185,1285216,158000,17.95,51,Lima,57414,129.78,0.021,PEN,2.25,0.577,0.99,2.26848E+11,1.069,0.707,11.1,Lima,76.5,88,1.28,Spanish,0.309,1.27,32510453,0.776,0.143,0.368,0.0331,25390339,-9.189967,-75.015152,sufficient,741569.632,237764.96,32439271267,0.687901857,0.018015673,0.01776,-3.35E-05,0.784100802,0.292831534
Philippines,368,PH,0.417,300000,153000,20.55,63,Manila,122287,129.61,0.025,PHP,2.58,0.278,0.86,3.76796E+11,1.075,0.355,22.5,Manila,71.1,121,1.12,English,0.535,0.6,108116615,0.596,0.14,0.431,0.0215,50975903,12.879721,121.774017,less,83400,125100,52751371215,0.461063113,0.023329506,0.0143,-0.009580915,0.515519674,0.19712614
Poland,124,PL,0.469,312685,191000,10.2,48,Warsaw,299037,114.11,0.022,PLN,1.46,0.309,1.07,5.92164E+11,1,0.678,3.8,Warsaw,77.6,2,2.93,Polish,0.232,2.38,37970874,0.567,0.174,0.408,0.0347,22796574,51.919438,19.145136,less,96619.665,146649.265,1.03037E+11,0.861955561,0.032958463,0.01678,-0.027137014,0.615206095,0.327632341
Portugal,111,PT,0.395,92212,52000,8.5,351,Lisbon,48742,110.62,0.003,EUR,1.38,0.346,1.54,2.37686E+11,1.062,0.639,3.1,Lisbon,81.3,8,3.78,Portuguese,0.277,5.12,10269417,0.588,0.228,0.398,0.0633,6753579,39.399872,-8.224454,sufficient,31905.352,36423.74,54192425245,0.90834772,0.016339468,0.01701,-0.001466899,0.670920651,0.346863213
Qatar,248,QA,0.058,11586,22000,9.54,974,Doha,103259,115.38,-0.007,QAR,1.87,0,0.4,1.83466E+11,1.038,0.179,5.8,Doha,80.1,9,0,Arabic,0.062,2.49,2832067,0.868,0.147,0.113,0.0009,2809071,25.354826,51.183884,less,0,671.988,26969532692,0.86147397,0.017233105,0.01217,-0.010437542,1.021552306,0.365774066
Republic of Ireland,72,0,0.645,70273,9000,12.5,353,Dublin,37711,106.58,0.009,EUR,1.75,0.11,1.37,3.88699E+11,1.009,0.778,3.1,Connacht,82.3,5,10.79,Irish,0.152,3.31,5007069,0.621,0.183,0.261,0.0493,3133123,53.41291,-8.24389,less,7730.03,45326.085,71131864177,0.922666018,0.023857011,0.01787,-0.002711873,0.63435443,0.34936672
Republic of the Congo,16,0,0.311,342000,12000,32.86,242,Brazzaville,3282,124.74,0.022,XAF,4.43,0.654,0.97,10820591131,1.066,0.127,36.2,Brazzaville,64.3,378,0.88,French,0.438,0.12,5380508,0.694,0.09,0.543,0.0947,3625010,-0.228021,15.827659,sufficient,223668,106362,973853201.8,-0.004170619,0.006497981,0.01193,0.006208252,0.675644398,0.071254987
Romania,84,RO,0.588,238391,126000,9.6,40,Bucharest,69259,123.78,0.038,RON,1.71,0.301,1.16,2.50077E+11,0.852,0.494,6.1,Bucharest,75.4,19,2.25,Romanian,0.213,2.98,19356544,0.547,0.146,0.2,0.0398,10468793,45.943161,24.96676,less,71755.691,140173.908,36511306826,0.794192893,0.016742755,0.01346,-0.003990782,0.550890238,0.299625963
Russia,9,RU,0.133,17098240,1454000,11.5,7,Moscow,1732027,180.75,0.045,RUB,1.57,0.498,0.59,1.69988E+12,1.026,0.819,6.1,Moscow,72.7,17,0.53,Russian,0.364,4.01,144373535,0.618,0.114,0.462,0.0459,107683889,61.52401,105.318756,sufficient,8514923.52,2274065.92,1.93786E+11,0.764316098,0.0850518,0.01845,-0.170095341,0.746946816,0.30342816
Rwanda,525,RW,0.734,26338,35000,31.7,250,Kigali,1115,151.09,0.034,RWF,4.04,0.197,1.17,10122472590,1.33,0.067,27,Kigali,68.7,248,0,Swahili,0.26,0.13,12626950,0.837,0.143,0.332,0.0103,2186104,-1.940278,29.873888,less,5188.586,19332.092,1447513580,0.269270848,0.008739401,0.01397,0.001857294,0.235944082,0.109633107
Saint Kitts and Nevis,205,KN,0.231,261,0,12.6,1,Basseterre,238,104.57,-0.01,XCD,2.11,0.423,0,1050992593,1.087,0.867,9.8,Basseterre,71.3,0,3.33,English,0.566,2.52,52823,0,0.185,0.497,0,16269,17.357822,-62.782998,sufficient,110.403,60.291,194433629.7,0.718918282,4.90E-05,0.01954,0.004205943,0.332518236,0.253478462
Saint Lucia,301,LC,0.174,616,0,12,1,Castries,414,110.13,0.019,XCD,1.44,0.332,1.3,2122450630,1.026,0.141,14.9,Castries,76.1,117,0,English,0.484,0.64,182790,0.671,0.182,0.347,0.2071,34280,13.909444,-60.978893,sufficient,204.512,107.184,386286014.7,0.613030211,0.004738052,0.01167,0.003278152,0.223551012,0.2102744
Saint Vincent and the Grenadines,284,VC,0.256,389,0,14.24,1,Kingstown,220,109.67,0.023,XCD,1.89,0.692,0,825385185,1.134,0.237,14.8,Calliaqua,72.4,68,1.16,English,0.214,0.66,100455,0.659,0.254,0.37,0.1888,58185,12.984305,-61.287228,sufficient,269.188,99.584,209647837,0.613496812,0.00474052,0.01371,0.006897762,0.613193995,0.250330237
Samoa,70,WS,0.124,2831,0,24.38,685,Apia,246,117.56,0.01,WST,3.88,0.604,0.91,850655017,1.105,0.076,13.6,Apia,73.2,43,0.78,Samoan,0.115,0.34,202506,0.437,0.255,0.193,0.0836,35588,-13.759029,-172.104629,sufficient,1709.924,351.044,216917029.3,0.658804807,0.003573699,0.01181,0.006015134,0.184113212,0.220210458
San Marino,566,SM,0.167,61,0,6.8,378,City of San Marino,0,110.63,0.01,EUR,1.26,0,0,1637931034,1.081,0.425,1.7,City of San Marino,85.4,0,0,Italian,0.183,6.11,33860,0,0.181,0.362,0,32969,43.94236,12.457777,less,0,10.187,296465517.2,0.979881657,7.64E-05,0.01506,0,1.041405315,0.401136139
Saudi Arabia,16,SA,0.808,2149690,252000,17.8,966,Riyadh,563449,118.4,-0.012,SAR,2.32,0.005,0.24,7.92967E+11,0.998,0.68,6,Riyadh,75,17,3.85,Arabic,0.15,2.61,34268528,0.559,0.089,0.157,0.0593,28807838,23.885942,45.079162,less,10748.45,1736949.52,70574048596,0.792431615,0.042003624,0.01678,-0.056904092,0.842564332,0.32730721
Senegal,87,SN,0.461,196722,19000,34.52,221,Dakar,10902,109.25,0.018,XOF,4.63,0.428,1.14,23578084052,0.81,0.128,31.8,Pikine,67.7,315,0.31,French,0.442,0.07,16296364,0.457,0.163,0.448,0.066,7765706,14.497401,-14.452362,sufficient,84197.016,90688.842,3843227700,0.142495642,0.005010355,0.00938,0.003178013,0.486939168,0.0950479
Serbia,100,RS,0.393,77474,32000,9.2,381,Belgrade,45221,144,0.018,RSD,1.49,0.311,1.16,51409167351,1.003,0.672,4.8,Belgrade,75.5,12,1.57,Serbian,0.406,3.11,6944975,0.549,0.186,0.366,0.1269,3907243,44.016521,21.005859,less,24094.414,30447.282,9562105127,0.816835425,0.006620192,0.01675,-0.001460992,0.574564594,0.307292986
Seychelles,214,SC,0.034,455,0,17.1,248,"Victoria, Seychelles",605,129.96,0.018,SCR,2.41,0.884,0,1698843063,1.004,0.171,12.4,"Victoria, Seychelles",72.8,53,2,French,0.025,0.95,97625,0,0.341,0.301,0,55762,-4.679574,55.491977,sufficient,402.22,15.47,579305484.5,0.659626498,7.93E-05,0.01175,0.008778846,0.596789871,0.261253584
Sierra Leone,111,SL,0.547,71740,9000,33.41,232,Freetown,1093,234.16,0.148,SLL,4.26,0.431,1.08,3941474311,1.128,0.02,78.5,Freetown,54.3,1120,0.57,English,0.382,0.03,7813215,0.579,0.086,0.307,0.0443,3319366,8.460555,-11.779889,sufficient,30919.94,39241.78,338966790.7,-1.267075745,0.005530943,0.01148,0.004199518,0.438120656,-0.332001994
Singapore,8358,SG,0.009,716,81000,8.8,65,0,37535,114.41,0.006,SGD,1.14,0.231,1.25,3.72063E+11,1.006,0.848,2.3,0,83.1,8,0,Malay,0.367,2.29,5703569,0.705,0.131,0.21,0.0411,5703569,1.352083,103.819836,less,165.396,6.444,48740191101,0.938892459,0.024002624,0.01854,-0.001484082,2,0.491153781
Slovakia,114,SK,0.392,49035,16000,10.6,421,Bratislava,32424,115.34,0.027,EUR,1.52,0.404,1.32,1.05422E+11,0.987,0.466,4.6,Bratislava,77.2,5,3.11,Slovak,0.184,3.42,5454073,0.595,0.187,0.497,0.0556,2930419,48.669026,19.699024,sufficient,19810.14,19221.72,19713971031,0.845195569,0.010313908,0.01453,0.000762544,0.550929648,0.314250494
Slovenia,103,SI,0.307,20273,7000,9.4,386,Ljubljana,12633,111.05,0.016,EUR,1.6,0.62,1.32,53742159517,1.004,0.786,1.7,Ljubljana,81,7,5.25,Slovene language,0.125,3.09,2087946,0.584,0.186,0.31,0.042,1144654,46.151241,14.995463,sufficient,12569.26,6223.811,9996041670,0.922272452,0.007928069,0.0179,0.004923041,0.560543639,0.339036573
Solomon Islands,25,SB,0.039,28896,0,32.44,677,Honiara,169,133.06,0.016,SBD,4.4,0.779,0,1425074226,1.062,0,17.1,Honiara,72.8,104,0.4,English,0.033,0.19,669823,0.838,0.295,0.32,0.0058,162164,-9.64571,160.156194,sufficient,22509.984,1126.944,420396896.7,0.55965737,0.008388506,0.01062,0.007772917,0.245090925,0.197793368
Somalia,25,SO,0.703,637657,20000,41.75,252,Mogadishu,645,0,0,SOS,6.07,0.1,1.41,4720727278,0.234,0.025,76.6,Bosaso,57.1,829,0,Arabic,0,0.02,15442905,0.474,0,0,0.1135,7034861,5.152149,46.199616,less,63765.7,448272.871,0,-0.958760174,0.00382531,0.00259,0.000934803,0.45853115,-0.240160389
South Africa,49,ZA,0.798,1219090,80000,20.51,27,Pretoria,476644,158.93,0.041,ZAR,2.41,0.076,0.92,3.51432E+11,1.009,0.224,28.5,Johannesburg,63.9,119,0,Afrikaans,0.077,0.91,58558270,0.56,0.275,0.292,0.2818,39149717,-30.559482,22.937506,less,92650.84,972833.82,96643703541,0.307487192,0.019182811,0.01233,-0.04741974,0.674422647,0.159837164
South Korea,527,KR,0.174,99720,634000,6.4,82,Seoul,620302,115.16,0.004,KRW,0.98,0.634,1.22,2.029E+12,0.981,0.943,2.7,Seoul,82.6,11,6.49,Korean,0.368,2.36,51709098,0.63,0.156,0.332,0.0415,42106719,35.907757,127.766922,sufficient,63222.48,17351.28,3.16524E+11,0.925695235,0.100575517,0.01924,-0.056360861,0.877353372,0.385981658
South Sudan,18,SS,0,644329,185000,35.01,211,Juba,1727,4583.71,1.879,SSP,4.7,0,0.28,11997800751,0.73,0,63.7,Juba,57.6,1150,0,English,0.613,0,11062113,0.724,0,0.314,0.1224,2201250,6.8769919,31.3069788,less,0,0,0,-1.079373086,0.00657592,0.0073,-0.000174567,0.201143637,-0.300619767
Spain,94,ES,0.526,505370,196000,7.9,34,Madrid,244002,110.96,0.007,EUR,1.26,0.369,1.26,1.39412E+12,1.027,0.889,2.5,Madrid,83.3,4,5.6,Spanish,0.242,3.87,47076781,0.575,0.142,0.47,0.1396,37927409,40.463667,-3.74922,sufficient,186481.53,265824.62,1.97965E+11,0.942345776,0.069415407,0.01916,-0.020974011,0.816896718,0.382433155
Sri Lanka,341,LK,0.437,65610,317000,15.83,94,Colombo,23362,155.53,0.035,LKR,2.2,0.329,0.88,84008783756,1.002,0.196,6.4,Colombo,76.8,36,0.35,Tamil,0.384,1,21803000,0.539,0.119,0.552,0.042,4052088,7.873054,80.771797,less,21585.69,28671.57,9997045267,0.792253431,0.008890569,0.01198,0.000928541,0.226649255,0.265098878
Sudan,25,SD,0.287,1861484,124000,32.18,249,Khartoum,20000,1344.19,0.51,SDG,4.41,0.081,0.95,18902284476,0.768,0.169,42.1,Omdurman,65.1,295,0.41,Arabic,0.632,0.26,42813238,0.484,0.08,0.454,0.1653,14957233,12.862807,30.217636,less,150780.204,534245.908,1512182758,0.007548491,0.004069142,0.00937,-0.001211624,0.35235115,0.040209204
Suriname,4,SR,0.006,163820,2000,18.54,597,Paramaribo,1738,294.66,0.22,SRD,2.42,0.983,1.29,3985250737,1.088,0.126,16.9,Paramaribo,71.6,120,0,Dutch,0.101,1.21,581372,0.511,0.195,0.279,0.0733,384258,3.919305,-56.027783,sufficient,161035.06,982.92,777123893.7,0.534059668,0.004562986,0.01214,0.009654321,0.661428887,0.231377684
Sweden,25,SE,0.074,450295,30000,11.4,46,Stockholm,43252,110.51,0.018,SEK,1.76,0.689,1.42,5.30833E+11,1.266,0.67,2.2,Stockholm,82.5,4,0,Swedish,0.152,3.98,10285453,0.646,0.279,0.491,0.0648,9021165,60.128161,18.643501,sufficient,310253.255,33321.83,1.48102E+11,0.936528391,0.03058521,0.01936,0.002518037,0.880071135,0.380861639
Switzerland,219,CH,0.384,41277,21000,10,41,Bern,34477,99.55,0.004,CHF,1.52,0.318,1.45,7.03082E+11,1.052,0.596,3.7,Zurich,83.6,5,0,German,0.283,4.3,8574832,0.683,0.101,0.288,0.0458,6332428,46.818188,8.227512,less,13126.086,15850.368,71011325971,0.930787908,0.039183848,0.01648,-0.000304976,0.764692478,0.368751836
Syria,95,SY,0.758,185180,239000,23.69,963,Damascus,28830,143.2,0.367,SYP,2.81,0.027,0.83,40405006007,0.817,0.401,14,Damascus,71.8,31,1.02,Arabic,0.537,1.22,17070135,0.441,0.142,0.427,0.0837,9358019,34.802075,38.996815,less,4999.86,140366.44,5737510853,0.648112419,0.005458644,0.01218,-0.002644171,0.559576373,0.253795398
Tajikistan,68,TJ,0.341,144100,17000,30.76,992,Dushanbe,5310,148.57,0.06,TJS,3.59,0.03,0.71,8116626794,1.009,0.313,30.4,Dushanbe,70.9,17,0.23,Persian,0.631,1.7,9321018,0.42,0.098,0.673,0.1102,2545477,38.861034,71.276093,less,4323,49138.1,795429425.8,0.455664851,0.003476791,0.01322,-0.000236741,0.281225939,0.168299736
Tanzania,67,TZ,0.448,947300,28000,36.7,255,Dodoma,11973,187.43,0.035,TZS,4.89,0.516,0.87,63177068175,0.942,0.04,37.6,Dar es Salaam,65,524,0.09,Swahili,0.261,0.01,58005463,0.834,0.115,0.438,0.0198,20011885,-6.369028,34.888822,sufficient,488806.8,424390.4,7265362840,-0.139498466,0.011090383,0.00982,0.003949755,0.353016276,-0.001218853
Thailand,137,TH,0.433,513120,455000,10.34,66,Bangkok,283763,113.27,0.007,THB,1.53,0.322,0.71,5.4365E+11,0.998,0.493,7.8,Bangkok,76.9,37,1.06,Thai,0.118,0.81,69625582,0.673,0.149,0.295,0.0075,35294600,15.870032,100.992541,less,165224.64,222180.96,81003846449,0.775986779,0.032026364,0.01491,-0.0254631,0.523311481,0.292296308
The Bahamas,39,BS,0.014,13880,1000,13.97,1,"Nassau, Bahamas",1786,116.22,0.025,0,1.75,0.514,0.92,12827000000,0.814,0.151,8.3,"Nassau, Bahamas",73.8,70,5.25,English,0.278,1.94,389482,0.746,0.148,0.338,0.1036,323784,25.03428,-77.39628,sufficient,7134.32,194.32,1898396000,0.705074201,0.007022618,0.00965,0.004959469,0.835985736,0.299550409
The Gambia,239,GM,0.598,11300,1000,38.54,220,Banjul,532,172.73,0.071,GMD,5.22,0.484,1.18,1763819048,0.98,0.027,39,Serekunda,61.7,597,0.13,English,0.203,0.1,2347706,0.594,0.094,0.484,0.0906,1453958,13.443182,-15.310139,sufficient,5469.2,6757.4,165798990.5,-0.258186461,0.005116315,0.01007,0.004786225,0.647905442,-0.008654382
Togo,152,TG,0.702,56785,10000,33.11,228,Lome,3000,113.3,0.007,XOF,4.32,0.031,0.71,5459979417,1.238,0.145,47.4,Lome,60.8,396,0.34,French,0.51,0.08,8082366,0.776,0.169,0.482,0.0204,3414638,8.619543,0.824782,less,1760.335,39863.07,922736521.5,-0.193350778,0.007810809,0.01383,6.76E-06,0.44066617,-0.0092189
Tonga,147,TO,0.458,747,0,24.3,676,Nuku'alofa,128,121.09,0.074,TOP,3.56,0.125,0,450353314,1.163,0.064,13.4,Nuku'alofa,70.8,52,0,Tongan Language,0.102,0.52,100209,0.598,0.223,0.275,0.0112,24145,-21.178986,-175.198242,less,93.375,342.126,100428789,0.62524254,0.005889017,0.01227,0.001237062,0.258534362,0.217538012
Trinidad and Tobago,273,TT,0.105,5128,4000,12.94,1,Port of Spain,43868,141.75,0.01,TTD,1.73,0.46,0.54,24100202834,1.062,0.12,16.4,Chaguanas,73.4,67,2.25,English,0.373,4.17,1394973,0.6,0.195,0.405,0.0269,741944,10.691803,-61.222503,sufficient,2358.88,538.44,4699539553,0.607141068,0.006855722,0.01182,0.000165771,0.564533109,0.242698427
Tunisia,76,TN,0.648,163610,48000,17.56,216,Tunis,29937,155.33,0.067,TND,2.2,0.068,0.73,38797709924,1.154,0.317,14.6,Tunis,76.5,43,0.47,Arabic,0.398,1.3,11694719,0.461,0.211,0.607,0.1602,8099061,33.886917,9.537499,less,11125.48,106019.28,8186316794,0.685612174,0.004818633,0.01471,-0.002346067,0.70163311,0.279641711
Turkey,110,TR,0.498,783562,512000,16.03,90,Ankara,372725,234.44,0.152,TRY,2.07,0.154,1.42,7.54412E+11,0.932,0.239,9.1,Istanbul,77.4,17,3.45,Turkish,0.169,1.85,83429615,0.528,0.179,0.423,0.1349,63097818,38.963745,35.243322,less,120668.548,390213.876,1.3504E+11,0.783848269,0.039138311,0.01171,-0.036135485,0.769461045,0.31880684
Turkmenistan,13,TM,0.72,488100,42000,23.83,993,Ashgabat,70630,0,0,TMT,2.79,0.088,0.29,40761142857,0.884,0.08,39.3,Ashgabat,68.1,7,0.88,Turkmen,0.711,2.22,5942089,0.645,0,0,0.0391,3092738,38.969719,59.556278,less,42952.8,351432,0,0.326248174,0.007961264,0.00964,-0.006259364,0.522035315,0.153057395
Uganda,229,UG,0.719,241038,46000,38.14,256,Kampala,5680,173.87,0.029,UGX,4.96,0.097,0.94,34387229486,1.027,0.048,33.8,Buganda,63,375,0.01,Swahili,0.405,0.17,44269594,0.703,0.117,0.337,0.0184,10784516,1.373333,32.290275,less,23380.686,173306.322,4023305850,0.011617962,0.008450803,0.01075,0.000395859,0.271008904,0.034908358
Ukraine,75,UA,0.717,603550,297000,8.7,380,Kyiv,202250,281.66,0.079,UAH,1.3,0.167,0.83,1.53781E+11,0.99,0.827,7.5,Kyiv,71.6,19,0.84,Ukrainian,0.478,2.99,44385155,0.542,0.201,0.452,0.0888,30835699,48.379433,31.16558,less,100792.85,432745.35,30909994893,0.733128359,0.011708742,0.01817,-0.01877367,0.703703445,0.294053987
United Arab Emirates,118,AE,0.055,83600,63000,10.33,971,Abu Dhabi,206324,114.52,-0.019,AED,1.41,0.046,0.49,4.21142E+11,1.084,0.368,6.5,Dubai,77.8,3,0,Arabic,0.178,2.53,9770529,0.821,0.001,0.159,0.0235,8479744,23.424076,53.847818,less,3845.6,4598,421142267.9,0.831475253,0.027629105,0.01452,-0.020395474,0.882008168,0.344395348
United Kingdom,281,GB,0.717,243610,148000,11,44,London,379025,119.62,0.017,GBP,1.68,0.131,1.46,2.82711E+12,1.012,0.6,3.6,London,81.3,7,10.13,English,0.148,2.81,66834405,0.628,0.255,0.306,0.0385,55908316,55.378051,-3.435973,less,31912.91,174668.37,7.20914E+11,0.903300126,0.137832314,0.01612,-0.037002296,0.870140476,0.390135819
United States,36,US,0.444,9833517,1359000,11.6,1,"Washington, D.C.",5006302,117.24,0.075,USD,1.73,0.339,0.71,2.14277E+13,1.018,0.882,5.6,New York City,78.5,19,7.25,,0.111,2.61,328239523,0.62,0.096,0.366,0.147,270663028,37.09024,-95.712891,sufficient,3333562.263,4366081.548,2.05706E+12,0.836409819,1.00473,0.019,-0.502652936,0.82889725,0.51339723
Uruguay,20,UY,0.826,176215,22000,13.86,598,Montevideo,6766,202.92,0.079,UYU,1.97,0.107,1.5,56045912952,1.085,0.631,6.4,Montevideo,77.8,17,1.66,Spanish,0.162,5.05,3461734,0.64,0.201,0.418,0.0873,3303394,-32.522779,-55.765835,less,18855.005,145553.59,11265228503,0.820484772,0.008142582,0.01716,0.000386085,0.956652834,0.347336273
Uzbekistan,79,UZ,0.629,447400,68000,23.3,998,Tashkent,91811,0,0,UZS,2.42,0.075,1.03,57921286440,1.042,0.101,19.1,Tashkent,71.6,29,0.24,Uzbek,0.427,2.37,33580650,0.651,0.148,0.316,0.0592,16935729,41.377491,64.585262,less,33555,281414.6,8572350393,0.5871546,0.008621103,0.01143,-0.008530365,0.513782016,0.230686303
Vanuatu,25,VU,0.153,12189,0,29.6,678,Port Vila,147,117.13,0.028,VUV,3.78,0.361,1.31,917058851,1.093,0.047,22.3,Port Vila,70.3,72,1.56,French,0.089,0.17,299882,0.699,0.178,0.085,0.0439,76152,-15.376706,166.959158,sufficient,4400.229,1864.917,163236475.5,0.496670991,0.006593798,0.0114,0.003595141,0.256931029,0.179162121
Venezuela,32,VE,0.245,912050,343000,17.88,58,Caracas,164175,2740.27,2.549,VED,2.27,0.527,0,4.82359E+11,0.972,0.793,21.4,Caracas,72.1,125,0.01,Spanish,0.458,1.92,28515829,0.597,0,0.733,0.088,25162368,6.42375,-66.58973,sufficient,480650.35,223452.25,0,0.482312205,0.027601017,0.01765,-0.011325003,0.886228684,0.242048034
Vietnam,314,VN,0.393,331210,522000,16.75,84,Hanoi,192668,163.52,0.028,VND,2.05,0.481,0.8,2.61921E+11,1.106,0.285,16.5,Ho Chi Minh City,75.3,43,0.73,Vietnamese,0.435,0.82,96462106,0.774,0.191,0.376,0.0201,35332140,14.058324,108.277199,sufficient,159312.01,130165.53,50026957765,0.649075445,0.019762489,0.01391,-0.01466511,0.403848794,0.240630368
Yemen,56,YE,0.446,527968,40000,30.45,967,Sanaa,10609,157.58,0.081,YER,3.79,0.01,0.92,26914402224,0.936,0.102,42.9,Sanaa,66.1,164,0,Arabic,0.81,0.31,29161922,0.38,0,0.266,0.1291,10869523,15.552727,48.516388,less,5279.68,235473.728,0,0.12370368,0.003765057,0.01038,-0.00097237,0.379430161,0.077925529
Zambia,25,ZM,0.321,752618,16000,36.19,260,Lusaka,5141,212.31,0.092,ZMW,4.63,0.652,1.4,23064722446,0.987,0.041,40.4,Lusaka,63.5,213,0.24,English,0.275,1.19,17861030,0.746,0.162,0.156,0.1143,7871713,-13.133897,27.849332,sufficient,490706.936,241590.378,3736485036,0.080235819,0.007393397,0.01028,0.006000342,0.443711138,0.07324626
Zimbabwe,38,ZW,0.419,390757,51000,30.68,263,Harare,10983,105.51,0.009,0,3.62,0.355,1.34,21440758800,1.099,0.1,33.9,Harare,61.2,458,0,Shona,0.258,0.21,14645468,0.831,0.207,0.316,0.0495,4717305,-19.015438,29.154857,sufficient,138718.735,163727.183,4438237072,-0.082816667,0.008815609,0.01199,0.002439825,0.326646526,0.012787529
