Country,Year,Livability_Score,Lower_Bound,Upper_Bound,Latest_Score
Afghanistan,2023,0.5088841906323429,0.49043456825019605,0.5278617146707368,0.42809587780351044
Afghanistan,2024,0.5186143424607351,0.5001333430706528,0.5378613269325468,0.42809587780351044
Afghanistan,2025,0.5283711522393421,0.5115423632098525,0.5479033683916567,0.42809587780351044
Afghanistan,2026,0.5381013040677343,0.5186315296305429,0.5576911339659957,0.42809587780351044
Afghanistan,2027,0.5478314558961264,0.5284728611691485,0.5681821772864105,0.42809587780351044
Angola,2023,0.5114660206503142,0.5044238673476388,0.518375813673697,0.5341021392655417
Angola,2024,0.5126550237700572,0.5001743503815014,0.5244744162349912,0.5341021392655417
Angola,2025,0.5138472844325941,0.49314030872109854,0.5342101559687313,0.5341021392655417
Angola,2026,0.5150362875523371,0.48414204415874484,0.544259156800936,0.5341021392655417
Angola,2027,0.5162252906720801,0.4745608127150522,0.5589185296055083,0.5341021392655417
Albania,2023,0.6103597016633459,0.6039549713515168,0.6161993427328258,0.6559675812699057
Albania,2024,0.6079190955993738,0.6014647371367988,0.6144792478195693,0.6559675812699057
Albania,2025,0.6054718029434457,0.5964680858232855,0.6138454927780862,0.6559675812699057
Albania,2026,0.6030311968794737,0.591988235149638,0.6137902431343685,0.6559675812699057
Albania,2027,0.6005905908155017,0.5861331917815206,0.6152874976614746,0.6559675812699057
Andorra,2023,0.609031692876217,0.6068661181820756,0.6110791232332461,0.6135018178500976
Andorra,2024,0.6085358485669037,0.6027568764400036,0.6137009170336718,0.6135018178500976
Andorra,2025,0.6080386457800305,0.5976749574996479,0.6176646735337057,0.6135018178500976
Andorra,2026,0.6075428014707173,0.5914287197718291,0.6212538876761586,0.6135018178500976
Andorra,2027,0.607046957161404,0.5846066647332719,0.6275164476275492,0.6135018178500976
United Arab Emirates,2023,0.6186799016932266,0.6151944099679815,0.6219615447684376,0.6268820796176682
United Arab Emirates,2024,0.6189254145004209,0.6092736746625323,0.6285687373967974,0.6268820796176682
United Arab Emirates,2025,0.6191715999454431,0.6018932090623477,0.637209121787594,0.6268820796176682
United Arab Emirates,2026,0.6194171127526376,0.5930271692175412,0.6467131122622443,0.6268820796176682
United Arab Emirates,2027,0.6196626255598319,0.5820243110855607,0.6575245316144097,0.6268820796176682
Argentina,2023,0.6071809905174459,0.6016845380174186,0.6139522328414115,0.6009380907187369
Argentina,2024,0.607912933034207,0.5903012438830687,0.6283228392017166,0.6009380907187369
Argentina,2025,0.6086468808729318,0.5743173880314438,0.6443425127723919,0.6009380907187369
Argentina,2026,0.609378823389693,0.5546483829743504,0.6638485212257165,0.6009380907187369
Argentina,2027,0.6101107659064541,0.5337735318240118,0.6865391071958277,0.6009380907187369
Armenia,2023,0.5801214050117519,0.5731463476769366,0.5872959525201227,0.5722414635103905
Armenia,2024,0.5825334526119107,0.5610990675041332,0.6050685349367609,0.5722414635103905
Armenia,2025,0.5849521085616591,0.5448316886246515,0.6244421272229643,0.5722414635103905
Armenia,2026,0.5873641561618181,0.5244562483036312,0.6459205846737431,0.5722414635103905
Armenia,2027,0.589776203761977,0.5059535592547816,0.6717510021245149,0.5722414635103905
Antigua and Barbuda,2023,0.6261208890419606,0.6220565929889068,0.630211761084955,0.6124772495097854
Antigua and Barbuda,2024,0.6281638009465458,0.6164602207307286,0.6387787470114308,0.6124772495097854
Antigua and Barbuda,2025,0.6302123098700476,0.6112444618087297,0.6495863180475647,0.6124772495097854
Antigua and Barbuda,2026,0.6322552217746329,0.6036887333634684,0.6635697551461096,0.6124772495097854
Antigua and Barbuda,2027,0.6342981336792181,0.5943351029752528,0.6773015795205826,0.6124772495097854
Australia,2023,0.6294034952562003,0.6244615930377921,0.6351703821426816,0.6509798159670404
Australia,2024,0.6286536800789354,0.6146461174358943,0.6450989307275904,0.6509798159670404
Australia,2025,0.6279018106135136,0.6021142498530248,0.6564417117445074,0.6509798159670404
Australia,2026,0.6271519954362486,0.5890919533323358,0.6705404718885335,0.6509798159670404
Australia,2027,0.6264021802589836,0.5733668910599781,0.6852925711403514,0.6509798159670404
Austria,2023,0.6976904692953835,0.6928328825175728,0.7022116228139159,0.7021250644917147
Austria,2024,0.6976362928898654,0.6841484696938201,0.7099110012252433,0.7021250644917147
Austria,2025,0.6975819680558392,0.6730111236864293,0.7189365617498521,0.7021250644917147
Austria,2026,0.6975277916503211,0.6628632314136972,0.7331909616991558,0.7021250644917147
Austria,2027,0.6974736152448031,0.6491735947874779,0.7468800602952579,0.7021250644917147
Azerbaijan,2023,0.6001221427386586,0.598148397231163,0.6021248575966993,0.5913527021512277
Azerbaijan,2024,0.6013984621644143,0.5961378857662442,0.6072559183651565,0.5913527021512277
Azerbaijan,2025,0.6026782783557201,0.5925916275770806,0.6130582608365535,0.5913527021512277
Azerbaijan,2026,0.6039545977814759,0.5887473317528289,0.6188802779231136,0.5913527021512277
Azerbaijan,2027,0.6052309172072314,0.5831666534922955,0.6261216599319039,0.5913527021512277
Burundi,2023,0.5732046006704987,0.5655999125318386,0.5812230963365703,0.5195202802621741
Burundi,2024,0.5821127346853866,0.5731886662136555,0.5909396724783682,0.5195202802621741
Burundi,2025,0.5910452745468906,0.5788639902786312,0.6021092928283285,0.5195202802621741
Burundi,2026,0.5999534085617785,0.5806050095146356,0.6166132896012222,0.5195202802621741
Burundi,2027,0.6088615425766664,0.5846441840669794,0.6312941915036029,0.5195202802621741
Belgium,2023,0.6205563926051706,0.6158665533117137,0.6255036077866823,0.6384977836283338
Belgium,2024,0.6204014899986244,0.6061643977756395,0.6345911862497051,0.6384977836283338
Belgium,2025,0.6202461630013755,0.5953810853965986,0.6476212333101702,0.6384977836283338
Belgium,2026,0.6200912603948293,0.5835492288781329,0.6616517221207266,0.6384977836283338
Belgium,2027,0.6199363577882832,0.5686546634565081,0.6743632374792818,0.6384977836283338
Benin,2023,0.47151322532992684,0.4656602419752503,0.4770103612476773,0.5169582795172795
Benin,2024,0.47243312376849517,0.466979087981697,0.47817557586785203,0.5169582795172795
Benin,2025,0.4733555424767582,0.4672211105691808,0.48041209173164845,0.5169582795172795
Benin,2026,0.47427544091532653,0.46667931311933425,0.48218323005737457,0.5169582795172795
Benin,2027,0.4751953393538948,0.4664648838032777,0.4846147011258201,0.5169582795172795
Burkina Faso,2023,0.48672984700521066,0.48102965388640095,0.49215544119820204,0.4514854490868676
Burkina Faso,2024,0.4897489627076452,0.48396756220355025,0.49612027642236856,0.4514854490868676
Burkina Faso,2025,0.49277634995994946,0.48574548550129426,0.5000410934808802,0.4514854490868676
Burkina Faso,2026,0.49579546566238397,0.4859383522622277,0.5058716028581619,0.4514854490868676
Burkina Faso,2027,0.4988145813648185,0.4865688539940749,0.5111054937909759,0.4514854490868676
Bangladesh,2023,0.5912808550104787,0.5828594205550198,0.5994343770542603,0.5892095005102499
Bangladesh,2024,0.5979494922375492,0.5888529205504969,0.6061585294368302,0.5892095005102499
Bangladesh,2025,0.6046363997035981,0.595664468646181,0.6143520496276635,0.5892095005102499
Bangladesh,2026,0.6113050369306685,0.6005566181279463,0.6214805453213609,0.5892095005102499
Bangladesh,2027,0.6179736741577391,0.6054370486475837,0.6290089678447646,0.5892095005102499
Bulgaria,2023,0.6614003849811747,0.6543610743898591,0.668061159207448,0.6524146655113189
Bulgaria,2024,0.6659964222612577,0.6452340904813081,0.6881421809053206,0.6524146655113189
Bulgaria,2025,0.6706050514242999,0.6317754939053586,0.7089531506180748,0.6524146655113189
Bulgaria,2026,0.675201088704383,0.6156743038995501,0.7352454429077642,0.6524146655113189
Bulgaria,2027,0.6797971259844661,0.5962913403438833,0.7653557255576776,0.6524146655113189
Bahrain,2023,0.607700601821218,0.6038328240901325,0.6110414077980162,0.6160258787991937
Bahrain,2024,0.607926138807837,0.5962037101982354,0.6177174681503538,0.6160258787991937
Bahrain,2025,0.6081522937040085,0.587369369694434,0.6257151099465723,0.6160258787991937
Bahrain,2026,0.6083778306906275,0.5779290619351334,0.6364834337907613,0.6160258787991937
Bahrain,2027,0.6086033676772463,0.5673536600371613,0.6463934366700805,0.6160258787991937
Bahamas,2023,0.6220372342632812,0.6153864209285906,0.6296142795464617,0.618856218041554
Bahamas,2024,0.6245223548856729,0.611190513361781,0.6413076825382429,0.618856218041554
Bahamas,2025,0.6270142840577149,0.6011257865306731,0.6552037936040395,0.618856218041554
Bahamas,2026,0.6294994046801067,0.5906335183221254,0.6727690360421478,0.618856218041554
Bahamas,2027,0.6319845253024984,0.5791976240944022,0.6894173547027653,0.618856218041554
Bosnia and Herzegovina,2023,0.6138288520963681,0.6056021030468602,0.6234414290915667,0.6530469016999417
Bosnia and Herzegovina,2024,0.6169154477581641,0.5916282962853834,0.6452012978411228,0.6530469016999417
Bosnia and Herzegovina,2025,0.6200104998464309,0.5743075641190113,0.6727224409227281,0.6530469016999417
Bosnia and Herzegovina,2026,0.6230970955082268,0.552954298686237,0.7004288894022555,0.6530469016999417
Bosnia and Herzegovina,2027,0.6261836911700229,0.5198930225728248,0.7343691475967514,0.6530469016999417
Belarus,2023,0.6741517348644955,0.6686373914786913,0.6801528731357063,0.6442242704360482
Belarus,2024,0.6793050789178052,0.6616104293647309,0.6952129303567954,0.6442242704360482
Belarus,2025,0.684472541721946,0.6521548073450727,0.7140844906743145,0.6442242704360482
Belarus,2026,0.6896258857752557,0.643373727350702,0.7351759425490781,0.6442242704360482
Belarus,2027,0.6947792298285655,0.6333930624561509,0.7608057314294664,0.6442242704360482
Belize,2023,0.6785194554052746,0.6665279908988866,0.6909798351666039,0.6509606331583992
Belize,2024,0.6810393001201404,0.6676570110015644,0.6943778254424109,0.6509606331583992
Belize,2025,0.6835660485191566,0.670459055383388,0.6976067789457621,0.6509606331583992
Belize,2026,0.6860858932340224,0.6710887957945337,0.7030960491454952,0.6509606331583992
Belize,2027,0.688605737948888,0.671542111553664,0.7060855174041966,0.6509606331583992
Bolivia,2023,0.6204494028723925,0.615155904727504,0.6262920469941715,0.6220054998402196
Bolivia,2024,0.6201522290449032,0.608671247666856,0.6323753053650863,0.6220054998402196
Bolivia,2025,0.6198542410425439,0.6005025703645088,0.6416448534467344,0.6220054998402196
Bolivia,2026,0.6195570672150547,0.5880236418153474,0.6551878116267106,0.6220054998402196
Bolivia,2027,0.6192598933875653,0.5746853866012767,0.6689855977320699,0.6220054998402196
Brazil,2023,0.6870502780471577,0.6835643773521481,0.6907966807750312,0.6897875485886085
Brazil,2024,0.6865911145366688,0.6769930700459207,0.6971380713672289,0.6897875485886085
Brazil,2025,0.6861306930439593,0.6689097723222235,0.7048736640097465,0.6897875485886085
Brazil,2026,0.6856715295334704,0.6592638329818562,0.7144492837063715,0.6897875485886085
Brazil,2027,0.6852123660229814,0.6477421766383419,0.7266156223872039,0.6897875485886085
Barbados,2023,0.5764948671170979,0.572263045179733,0.5806423943776168,0.5839668719822105
Barbados,2024,0.5775224826099945,0.5683829167785553,0.5858646890518249,0.5839668719822105
Barbados,2025,0.5785529134878034,0.5616955099740929,0.5930169634999728,0.5839668719822105
Barbados,2026,0.5795805289807001,0.5538417099003886,0.6007128918461602,0.5839668719822105
Barbados,2027,0.5806081444735969,0.5455601081594805,0.6090882118151656,0.5839668719822105
Brunei,2023,0.652372802532031,0.6469190349099074,0.6580181550904389,0.6850692084951608
Brunei,2024,0.6494630272491219,0.6335983410717614,0.6652363785028393,0.6850692084951608
Brunei,2025,0.6465452799791364,0.6191875795245452,0.6746055657095594,0.6850692084951608
Brunei,2026,0.6436355046962273,0.601641160439961,0.6880071608747551,0.6850692084951608
Brunei,2027,0.6407257294133183,0.5798234875456711,0.7035088415123604,0.6850692084951608
Bhutan,2023,0.7484741361385174,0.7391176247358987,0.7578339195184588,0.7242134897618991
Bhutan,2024,0.7546800997679586,0.7454344052982987,0.7642267388872244,0.7242134897618991
Bhutan,2025,0.7609030660374805,0.7509505369884864,0.7713232779983183,0.7242134897618991
Bhutan,2026,0.7671090296669216,0.7555731209752076,0.7785398433380599,0.7242134897618991
Bhutan,2027,0.7733149932963627,0.7592353892533661,0.7866463249836849,0.7242134897618991
Botswana,2023,0.5479394954754031,0.5432447652713205,0.5518036648561128,0.5096308109715304
Botswana,2024,0.5534942812264606,0.5436155236328009,0.5634191970335395,0.5096308109715304
Botswana,2025,0.5590642855686169,0.5402815156668463,0.5764723276120749,0.5096308109715304
Botswana,2026,0.5646190713196743,0.5336006586025582,0.5900542112594862,0.5096308109715304
Botswana,2027,0.5701738570707318,0.5301805617730947,0.6058843493668916,0.5096308109715304
Central African Republic,2023,0.48679465374569914,0.48173987167203436,0.49192337387490526,0.47758189135568563
Central African Republic,2024,0.4887389379367918,0.4739215973317759,0.502991429205598,0.47758189135568563
Central African Republic,2025,0.49068854893388747,0.4611927663972155,0.518525697182692,0.47758189135568563
Central African Republic,2026,0.4926328331249802,0.4495935415795405,0.5351921927691673,0.47758189135568563
Central African Republic,2027,0.4945771173160728,0.4338200599549021,0.5544421280576904,0.47758189135568563
Canada,2023,0.6682560258921784,0.6630226850976073,0.673446698292064,0.6767423348744118
Canada,2024,0.6684478918704144,0.6529073847661239,0.6837241996518932,0.6767423348744118
Canada,2025,0.668640283508865,0.6405578490037219,0.6963586283846456,0.6767423348744118
Canada,2026,0.668832149487101,0.62388442221996,0.7115088334944758,0.6767423348744118
Canada,2027,0.6690240154653371,0.6077885783153427,0.7281267416402734,0.6767423348744118
Switzerland,2023,0.6936630743354608,0.6876594168101224,0.6992186875501496,0.7043509547713825
Switzerland,2024,0.6940299444647514,0.6757404271858917,0.7112853336064142,0.7043509547713825
Switzerland,2025,0.6943978197176839,0.6619160953851408,0.7234782680545404,0.7043509547713825
Switzerland,2026,0.6947646898469746,0.645518682999828,0.7400778786482157,0.7043509547713825
Switzerland,2027,0.6951315599762652,0.6300198764151653,0.7559945784605313,0.7043509547713825
Chile,2023,0.6537364822274138,0.6485446120163032,0.6582239462123043,0.6442322030544652
Chile,2024,0.6538623965788746,0.6420422529439958,0.6648665148809149,0.6442322030544652
Chile,2025,0.6539886559011613,0.6336949861115995,0.6744845220556812,0.6442322030544652
Chile,2026,0.6541145702526221,0.6216709930507369,0.6839124048232217,0.6442322030544652
Chile,2027,0.6542404846040829,0.6086599914492329,0.6973606694775072,0.6442322030544652
China,2023,0.640055472009127,0.6374747230271083,0.6429552215455525,0.6400659901025114
China,2024,0.641874801026102,0.633927212478117,0.6508027126029247,0.6400659901025114
China,2025,0.643699114506137,0.627840855305156,0.6607381566332525,0.6400659901025114
China,2026,0.6455184435231119,0.6205172853537883,0.6719905098093688,0.6400659901025114
China,2027,0.647337772540087,0.6098153137041331,0.6858006694930708,0.6400659901025114
C?te d'Ivoire,2023,0.5140090115211138,0.5049299989602088,0.5230593506238506,0.513521101511546
C?te d'Ivoire,2024,0.5154790974277702,0.5062186434534126,0.5249909232829931,0.513521101511546
C?te d'Ivoire,2025,0.5169532109670475,0.5063950816430468,0.5268933036518028,0.513521101511546
C?te d'Ivoire,2026,0.5184232968737039,0.5085720049493339,0.5294126741235743,0.513521101511546
C?te d'Ivoire,2027,0.5198933827803602,0.5075100841748941,0.5319553723041104,0.513521101511546
Cameroon,2023,0.6237205061135807,0.6212747772154148,0.6262599690370925,0.6281067580145431
Cameroon,2024,0.626913947066529,0.6194236800368678,0.6350303212549344,0.6281067580145431
Cameroon,2025,0.6301161371727733,0.6159266664886606,0.6455479090653269,0.6281067580145431
Cameroon,2026,0.6333095781257216,0.6120538358999594,0.6570437696110436,0.6281067580145431
Cameroon,2027,0.6365030190786701,0.6079873253155383,0.6707659211589282,0.6281067580145431
Democratic Republic of the Congo,2023,0.6284958314909903,0.6154595959360325,0.6418056469977703,0.6000925234970091
Democratic Republic of the Congo,2024,0.6336440220863878,0.6103600871685171,0.6569967401962095,0.6000925234970091
Democratic Republic of the Congo,2025,0.6388063173135534,0.5962686684431823,0.6780765571016426,0.6000925234970091
Democratic Republic of the Congo,2026,0.6439545079089509,0.57915948592788,0.7038200558702024,0.6000925234970091
Democratic Republic of the Congo,2027,0.6491026985043483,0.5588208630989273,0.7307355067201335,0.6000925234970091
Congo,2023,0.5767196288043033,0.57022648338106,0.5834378119922731,0.5760515762087998
Congo,2024,0.5789723953019711,0.5692750540993762,0.5901775298473368,0.5760515762087998
Congo,2025,0.5812313337626466,0.5647705107649593,0.5997338015593779,0.5760515762087998
Congo,2026,0.5834841002603145,0.5586740067433277,0.6117795466006088,0.5760515762087998
Congo,2027,0.5857368667579825,0.5502177841912387,0.6258532128965173,0.5760515762087998
Colombia,2023,0.6991640603743452,0.6939108636824818,0.7044167166746742,0.6568731120763021
Colombia,2024,0.7024386654934911,0.6895543638515116,0.7164358407591395,0.6568731120763021
Colombia,2025,0.7057222421335113,0.6826934614689306,0.7315290567990468,0.6568731120763021
Colombia,2026,0.708996847252657,0.6726017206736131,0.748712851290213,0.6568731120763021
Colombia,2027,0.7122714523718028,0.6626308022355991,0.768998275280521,0.6568731120763021
Comoros,2023,0.5166494171115692,0.5025514175119523,0.530249723876713,0.5533945548930203
Comoros,2024,0.513371245039748,0.5002601962809504,0.5269535775762338,0.5533945548930203
Comoros,2025,0.5100840916745792,0.4957616422998927,0.523898587456308,0.5533945548930203
Comoros,2026,0.506805919602758,0.49188116030212337,0.5220749474764121,0.5533945548930203
Comoros,2027,0.5035277475309368,0.4841159264086169,0.5228228880534775,0.5533945548930203
Cabo Verde,2023,0.624596955722092,0.617566318735903,0.631722187419801,0.5782942510179783
Cabo Verde,2024,0.6312702560517582,0.623483498304928,0.6393262462430319,0.5782942510179783
Cabo Verde,2025,0.6379618393960265,0.6283559006274632,0.6491393748739334,0.5782942510179783
Cabo Verde,2026,0.6446351397256926,0.6307302934719752,0.6585035819971671,0.5782942510179783
Cabo Verde,2027,0.6513084400553589,0.6347402136218259,0.6692219276521625,0.5782942510179783
Costa Rica,2023,0.7146852800464482,0.7101287825483277,0.7199177475221754,0.6872777915222751
Costa Rica,2024,0.7162084762059328,0.7022781519859627,0.7323837338263375,0.6872777915222751
Costa Rica,2025,0.7177358455055804,0.6935478079047755,0.747716718852378,0.6872777915222751
Costa Rica,2026,0.7192590416650653,0.6805700895234459,0.7628444355736255,0.6872777915222751
Costa Rica,2027,0.72078223782455,0.6654720222730609,0.7836178748560807,0.6872777915222751
Cuba,2023,0.6878338350732048,0.683883517727019,0.691979740697779,0.6674859212089366
Cuba,2024,0.6909929905999571,0.6797148146062942,0.7024101339143288,0.6674859212089366
Cuba,2025,0.6941608013473307,0.6745809657286848,0.7154999083480115,0.6674859212089366
Cuba,2026,0.6973199568740832,0.6672053875047638,0.7277909866039219,0.6674859212089366
Cuba,2027,0.7004791124008355,0.65836299514049,0.7420307856461188,0.6674859212089366
Cyprus,2023,0.5616573383520526,0.5545839565573596,0.5684994877341469,0.6511795679971759
Cyprus,2024,0.5563842377132883,0.5486559926210002,0.5638119256845768,0.6511795679971759
Cyprus,2025,0.5510966902234589,0.5400295860910981,0.56145494124386,0.6511795679971759
Cyprus,2026,0.5458235895846945,0.5311213063590252,0.5579396883443888,0.6511795679971759
Cyprus,2027,0.54055048894593,0.5210246814340846,0.5576043853852521,0.6511795679971759
Czech Republic,2023,0.6544078627476596,0.6498543267258329,0.6589191468453199,0.6489501380810205
Czech Republic,2024,0.6571964682939891,0.6443986946706967,0.6713256943916269,0.6489501380810205
Czech Republic,2025,0.659992713855514,0.6364456908905245,0.6865697087480404,0.6489501380810205
Czech Republic,2026,0.6627813194018433,0.6273357123389204,0.7040612351790465,0.6489501380810205
Czech Republic,2027,0.6655699249481727,0.6146719219799877,0.7225239342058681,0.6489501380810205
Germany,2023,0.6655020586429511,0.6602348571106684,0.671004707756026,0.661759531989738
Germany,2024,0.6671916397286121,0.6524032755195087,0.682937539628785,0.661759531989738
Germany,2025,0.6688858498035488,0.642312202539641,0.6964780522580165,0.661759531989738
Germany,2026,0.6705754308892097,0.6277504370570942,0.7117028420256482,0.661759531989738
Germany,2027,0.6722650119748707,0.6161679889386078,0.7291841313203261,0.661759531989738
Djibouti,2023,0.42501397050332024,0.42188552986176714,0.4283264561847221,0.4318949452299769
Djibouti,2024,0.42531835285591274,0.41944932272679064,0.43121634335720127,0.4318949452299769
Djibouti,2025,0.42562356913275895,0.4160612114834898,0.4355155388502022,0.4318949452299769
Djibouti,2026,0.4259279514853515,0.4115949020774589,0.4399416947521946,0.4318949452299769
Djibouti,2027,0.4262323338379439,0.4063444227534539,0.4461014836906964,0.4318949452299769
Dominica,2023,0.6153336362391488,0.6093288242476607,0.6208792973931726,0.6305288558019093
Dominica,2024,0.6152579788676955,0.6097202414822372,0.6209026240633242,0.6305288558019093
Dominica,2025,0.6151821142157725,0.6086139057302106,0.6210641288233335,0.6305288558019093
Dominica,2026,0.6151064568443192,0.60875338530207,0.6212342870441416,0.6305288558019093
Dominica,2027,0.6150307994728659,0.6078872638169807,0.6230357892360787,0.6305288558019093
Denmark,2023,0.6880651345680427,0.682973937994822,0.6936441350387043,0.6752075618631264
Denmark,2024,0.6924474385768933,0.6774236555344798,0.709959281933351,0.6752075618631264
Denmark,2025,0.6968417488980969,0.6687061130971561,0.7270971150998867,0.6752075618631264
Denmark,2026,0.7012240529069477,0.6585527034226145,0.7455900105745522,0.6752075618631264
Denmark,2027,0.7056063569157982,0.6490196460178659,0.7668996814048806,0.6752075618631264
Dominican Republic,2023,0.6331015585666425,0.6290457479102654,0.6369279823394418,0.6448126595895526
Dominican Republic,2024,0.6335425549382042,0.6258432202990696,0.641083604757611,0.6448126595895526
Dominican Republic,2025,0.633984759519003,0.619507376550995,0.64747137199782,0.6448126595895526
Dominican Republic,2026,0.6344257558905647,0.6134829874648488,0.6531234647013279,0.6448126595895526
Dominican Republic,2027,0.6348667522621262,0.6061038650642093,0.661033012240411,0.6448126595895526
Algeria,2023,0.5309825202013091,0.525178673428125,0.536498538153717,0.5332498705114768
Algeria,2024,0.5317013852522112,0.5237219532045443,0.5412716973038746,0.5332498705114768
Algeria,2025,0.5324222197964035,0.5210796106674599,0.5458314594220165,0.5332498705114768
Algeria,2026,0.5331410848473055,0.5144906418400172,0.5517237404128952,0.5332498705114768
Algeria,2027,0.5338599498982076,0.5070518779409665,0.5602245655956396,0.5332498705114768
Ecuador,2023,0.6797737752220061,0.6729045827698812,0.686917829151197,0.6727268850168152
Ecuador,2024,0.6817671253558272,0.6622364529666286,0.703335931489095,0.6727268850168152
Ecuador,2025,0.6837659367228918,0.6488037036908573,0.7222930172164035,0.6727268850168152
Ecuador,2026,0.6857592868567128,0.6295462912585926,0.7434648675376241,0.6727268850168152
Ecuador,2027,0.687752636990534,0.6104943526272314,0.7659431532304501,0.6727268850168152
Egypt,2023,0.49300423873537846,0.48776769236308826,0.49860175371567456,0.5247547311926761
Egypt,2024,0.4920479431689225,0.476148879361641,0.5095733176293544,0.5247547311926761
Egypt,2025,0.4910890276146131,0.4628595251851984,0.5214881533588612,0.5247547311926761
Egypt,2026,0.4901327320481571,0.4474346887730945,0.5365212985293367,0.5247547311926761
Egypt,2027,0.489176436481701,0.4310628377272192,0.5518441466425916,0.5247547311926761
Eritrea,2023,0.575410058893292,0.5666062906526493,0.5843172796475058,0.5723987460426919
Eritrea,2024,0.5793799451414526,0.5500391127394055,0.6068270066535948,0.5723987460426919
Eritrea,2025,0.5833607077902933,0.5274834918161899,0.6341598769717884,0.5723987460426919
Eritrea,2026,0.587330594038454,0.5030708344007752,0.6658233286055745,0.5723987460426919
Eritrea,2027,0.5913004802866145,0.4772247610711947,0.7014372033669876,0.5723987460426919
Spain,2023,0.6185600114592106,0.6101432457602277,0.626483126539251,0.6601552769996456
Spain,2024,0.6185475302517802,0.6073058088599911,0.6295266742048767,0.6601552769996456
Spain,2025,0.6185350148492611,0.6020112412557723,0.6363616122237515,0.6601552769996456
Spain,2026,0.6185225336418307,0.5947553828862518,0.6436880890727918,0.6601552769996456
Spain,2027,0.6185100524344004,0.5874119400910357,0.6518395590882377,0.6601552769996456
Estonia,2023,0.7555293835799336,0.7422267744680103,0.7691791496277387,0.7177636280668126
Estonia,2024,0.7626888391971769,0.7223642313579495,0.8054306816941151,0.7177636280668126
Estonia,2025,0.7698679097613168,0.6918965788175341,0.8464870400429537,0.7177636280668126
Estonia,2026,0.7770273653785601,0.656132750404366,0.8955028674524428,0.7177636280668126
Estonia,2027,0.7841868209958033,0.6238074307232951,0.9491498101111252,0.7177636280668126
Ethiopia,2023,0.5368270008185932,0.5296487702574796,0.5436218797394959,0.5558528495961546
Ethiopia,2024,0.5401098534477894,0.531826700010715,0.5479704781797637,0.5558528495961546
Ethiopia,2025,0.5434017001937779,0.5329716197602763,0.5535471601661109,0.5558528495961546
Ethiopia,2026,0.546684552822974,0.5339909271317717,0.5600080025420024,0.5558528495961546
Ethiopia,2027,0.5499674054521702,0.533128276552161,0.5677218309848334,0.5558528495961546
Finland,2023,0.7399098879381667,0.7315988865114164,0.7478214372823839,0.7467687819098067
Finland,2024,0.7412592139696477,0.7143072430431636,0.7645499211592098,0.7467687819098067
Finland,2025,0.7426122367847768,0.6931262842515143,0.7867761376998261,0.7467687819098067
Finland,2026,0.7439615628162578,0.6701787382952569,0.8074981282228303,0.7467687819098067
Finland,2027,0.745310888847739,0.6459248107181235,0.8309841085211747,0.7467687819098067
Fiji,2023,0.6471709228588569,0.6346242243438355,0.6600395637026802,0.6406157939175638
Fiji,2024,0.6478468592735152,0.6071264507714322,0.6894750915028255,0.6406157939175638
Fiji,2025,0.6485246475687616,0.5756105129366468,0.7238806417076173,0.6406157939175638
Fiji,2026,0.6492005839834201,0.5355706460776678,0.759974379571229,0.6406157939175638
Fiji,2027,0.6498765203980784,0.4828353256854491,0.8041402326345329,0.6406157939175638
France,2023,0.6314248594955262,0.6280235386764911,0.6351166248873377,0.6450340609636992
France,2024,0.6314741622432484,0.6224637555288813,0.6404508818061366,0.6450340609636992
France,2025,0.6315236000669916,0.6146480903141663,0.6475297069538035,0.6450340609636992
France,2026,0.6315729028147137,0.6058361264695519,0.6570280100426243,0.6450340609636992
France,2027,0.6316222055624359,0.5947976126597294,0.6691087849998023,0.6450340609636992
Gabon,2023,0.6923283420658102,0.6871791102121391,0.6972649640780386,0.7078940109080347
Gabon,2024,0.6933568408973857,0.6774307817875485,0.7099102403071884,0.7078940109080347
Gabon,2025,0.6943881575339793,0.6655198584544951,0.7230625394222907,0.7078940109080347
Gabon,2026,0.6954166563655548,0.6515020006799216,0.7372791115109462,0.7078940109080347
Gabon,2027,0.6964451551971305,0.634645558572196,0.753065734007801,0.7078940109080347
United Kingdom,2023,0.6527883726581929,0.6488461893613284,0.6569153483228792,0.6301225534839869
United Kingdom,2024,0.6573922860712827,0.6479567833567484,0.6668386363543441,0.6301225534839869
United Kingdom,2025,0.6620088129457782,0.6456580818255032,0.6791059808502559,0.6301225534839869
United Kingdom,2026,0.6666127263588679,0.6413106542106524,0.6922673335308758,0.6301225534839869
United Kingdom,2027,0.6712166397719578,0.6344327926088432,0.705535469661184,0.6301225534839869
Georgia,2023,0.6414348145569553,0.634160623187364,0.648447617019757,0.6307214682620514
Georgia,2024,0.6437257171478126,0.6323451504238612,0.6544282497923727,0.6307214682620514
Georgia,2025,0.6460228961841242,0.6272908361042023,0.6651043805931557,0.6307214682620514
Georgia,2026,0.6483137987749816,0.6189590724277352,0.6781815541845437,0.6307214682620514
Georgia,2027,0.6506047013658388,0.610786471425087,0.6899659397797028,0.6307214682620514
Ghana,2023,0.6096002072540341,0.5958280132692089,0.623964690622896,0.5934792875036878
Ghana,2024,0.614218763443392,0.6005220143335074,0.6271419970729163,0.5934792875036878
Ghana,2025,0.6188499732113509,0.6046471353693716,0.6324669246984755,0.5934792875036878
Ghana,2026,0.6234685294007087,0.6087430904287409,0.6363263768472351,0.5934792875036878
Ghana,2027,0.6280870855900667,0.6145172090165534,0.6426805217461569,0.5934792875036878
Guinea,2023,0.5311605367607808,0.5257742510965402,0.5369132930861382,0.4992158993637713
Guinea,2024,0.5378834539223298,0.5285879895314001,0.5460561353918849,0.4992158993637713
Guinea,2025,0.5446247900350064,0.5305612744781666,0.5591983985475569,0.4992158993637713
Guinea,2026,0.5513477071965553,0.529685499232778,0.5730413783298702,0.4992158993637713
Guinea,2027,0.5580706243581045,0.5291342742982615,0.5862269495748299,0.4992158993637713
Gambia,2023,0.5504118701143325,0.5450265085558365,0.5553280175337947,0.5224834289799929
Gambia,2024,0.556934677040897,0.5498902767476873,0.5633796645037269,0.5224834289799929
Gambia,2025,0.5634753546713701,0.5524641724642537,0.5727287307465512,0.5224834289799929
Gambia,2026,0.5699981615979346,0.5549242697573745,0.5855305797783485,0.5224834289799929
Gambia,2027,0.5765209685244992,0.5567445420836764,0.5956789172426059,0.5224834289799929
Guinea-Bissau,2023,0.6018239818311978,0.5953655845925439,0.6088532397012053,0.5951650731827798
Guinea-Bissau,2024,0.6068885767493883,0.5884703609394715,0.6280483262864318,0.5951650731827798
Guinea-Bissau,2025,0.6119670472700948,0.5767221618719961,0.6517182311119195,0.5951650731827798
Guinea-Bissau,2026,0.6170316421882854,0.5608587325845328,0.6784590856460873,0.5951650731827798
Guinea-Bissau,2027,0.6220962371064762,0.5500428572549261,0.7071525847457669,0.5951650731827798
Equatorial Guinea,2023,0.6014252076031131,0.589006648974866,0.6133844090129259,0.5967508143538954
Equatorial Guinea,2024,0.6015471833503973,0.562514226809667,0.6393913541400025,0.5967508143538954
Equatorial Guinea,2025,0.6016694932778109,0.5308682463579488,0.6688006575868151,0.5967508143538954
Equatorial Guinea,2026,0.6017914690250952,0.4933179373373036,0.7002267453418004,0.5967508143538954
Equatorial Guinea,2027,0.6019134447723793,0.4489095363160336,0.7424434719946668,0.5967508143538954
Greece,2023,0.530660630442869,0.5205279834261765,0.5402761315768729,0.6360703412736253
Greece,2024,0.5244018299020506,0.5105706879094384,0.5370986096832625,0.6360703412736253
Greece,2025,0.5181258819624902,0.498996213888517,0.539050947281838,0.6360703412736253
Greece,2026,0.5118670814216718,0.48478053333026916,0.5397855608635855,0.6360703412736253
Greece,2027,0.5056082808808535,0.4674349216506686,0.5449815776107089,0.6360703412736253
Grenada,2023,0.619849010043704,0.6159985144947218,0.6229114899444274,0.6176676621340732
Grenada,2024,0.6206034848949552,0.608454270870404,0.630507795986831,0.6176676621340732
Grenada,2025,0.6213600268005934,0.5997508057777231,0.6403231260573822,0.6176676621340732
Grenada,2026,0.6221145016518447,0.5906168124677491,0.6514745971519637,0.6176676621340732
Grenada,2027,0.6228689765030959,0.5797762796625244,0.6619772889958104,0.6176676621340732
Guatemala,2023,0.7074917385293539,0.7007615716498738,0.7136686109639191,0.6621536433338518
Guatemala,2024,0.7128429528305485,0.7067061928076214,0.7196153081855126,0.6621536433338518
Guatemala,2025,0.7182088279928425,0.7110457423476612,0.7254057541391984,0.6621536433338518
Guatemala,2026,0.7235600422940373,0.715155204443109,0.7320425558044892,0.6621536433338518
Guatemala,2027,0.7289112565952319,0.71946118658818,0.7387991540740346,0.6621536433338518
Guyana,2023,0.6425930716033836,0.639896312204604,0.6450429293272597,0.649651150920529
Guyana,2024,0.6417010397715944,0.6350333211711638,0.6478393735259506,0.649651150920529
Guyana,2025,0.6408065640169783,0.6291273915649723,0.6512257807207134,0.649651150920529
Guyana,2026,0.6399145321851891,0.6237686684864928,0.655994755828936,0.649651150920529
Guyana,2027,0.6390225003533999,0.6165335659189506,0.6602864444730302,0.649651150920529
Honduras,2023,0.6947237800083269,0.6884413689525151,0.7017348732603731,0.6603995158052262
Honduras,2024,0.6972202857936255,0.6773990729937689,0.7188170049326279,0.6603995158052262
Honduras,2025,0.6997236313208016,0.6644675954759922,0.7388066607914112,0.6603995158052262
Honduras,2026,0.7022201371061001,0.6504497523389225,0.7623441322821544,0.6603995158052262
Honduras,2027,0.7047166428913986,0.6321647233258628,0.7829980000951625,0.6603995158052262
Croatia,2023,0.6357374931020766,0.6314089969027367,0.6398710995293596,0.6736041902072933
Croatia,2024,0.6358103347932884,0.6249486905380836,0.6459706906769238,0.6736041902072933
Croatia,2025,0.6358833760507775,0.6166958777237168,0.6532763360411903,0.6736041902072933
Croatia,2026,0.6359562177419893,0.6067994016581638,0.664230468400305,0.6736041902072933
Croatia,2027,0.636029059433201,0.5950792850003412,0.674112723693945,0.6736041902072933
Haiti,2023,0.5277315796122275,0.508462549170569,0.5476041903930946,0.5082408633219871
Haiti,2024,0.5333617729119465,0.5141142659576823,0.5544809651649061,0.5082408633219871
Haiti,2025,0.5390073913987882,0.5164876341069006,0.5595883272910824,0.5082408633219871
Haiti,2026,0.5446375846985072,0.523805829555018,0.5672303818982573,0.5082408633219871
Haiti,2027,0.5502677779982263,0.5250662519688865,0.5753276667380678,0.5082408633219871
Hungary,2023,0.6672183217095583,0.6644737838880418,0.6701252696311176,0.6389184168825334
Hungary,2024,0.6720554203826732,0.6646943524861629,0.6796603620339325,0.6389184168825334
Hungary,2025,0.6769057713809199,0.6641764703498235,0.690533553630676,0.6389184168825334
Hungary,2026,0.6817428700540348,0.6608618128115893,0.7029908156784049,0.6389184168825334
Hungary,2027,0.6865799687271495,0.6560250637807747,0.7153465630366259,0.6389184168825334
Indonesia,2023,0.6585345874914897,0.6541707357969283,0.6634926313250485,0.6465273815085593
Indonesia,2024,0.6589724626966111,0.6457926564541578,0.6728827839077828,0.6465273815085593
Indonesia,2025,0.6594115375598287,0.636114262135365,0.6858227862217343,0.6465273815085593
Indonesia,2026,0.6598494127649502,0.6241089420306548,0.6969105723997787,0.6465273815085593
Indonesia,2027,0.6602872879700716,0.6113679600207529,0.7119957488586639,0.6465273815085593
India,2023,0.5997324740851032,0.5937463241755317,0.6057702488141614,0.5963771157524714
India,2024,0.6040932722880952,0.5861444930506405,0.6232846490133523,0.5963771157524714
India,2025,0.6084660178834244,0.5762765184368307,0.642815843249531,0.5963771157524714
India,2026,0.6128268160864165,0.5619639197770653,0.664458652233848,0.5963771157524714
India,2027,0.6171876142894086,0.5491625351222328,0.6861174590395556,0.5963771157524714
Ireland,2023,0.6728852006071068,0.6663016130787587,0.6792907768403244,0.6600571463078698
Ireland,2024,0.6810485186069363,0.6636827248215293,0.6970593932765968,0.6600571463078698
Ireland,2025,0.6892342018615597,0.6593722061762274,0.7183547870282886,0.6600571463078698
Ireland,2026,0.6973975198613892,0.6523771016441704,0.7425718366945814,0.6600571463078698
Ireland,2027,0.7055608378612186,0.6386169068991626,0.7691605595295322,0.6600571463078698
Iran,2023,0.5757940173502538,0.5725487203376625,0.5795431819750837,0.5484920901034371
Iran,2024,0.579497636763413,0.5691773675710345,0.5893333161614597,0.5484920901034371
Iran,2025,0.583211403079074,0.5651466611771608,0.6004774705197208,0.5484920901034371
Iran,2026,0.5869150224922333,0.5590808532641405,0.6138058746798135,0.5484920901034371
Iran,2027,0.5906186419053926,0.5499816586975799,0.628561094847552,0.5484920901034371
Iraq,2023,0.5382233064619721,0.5342850720240039,0.5422132091562774,0.5167577470986431
Iraq,2024,0.5403742183967125,0.5343287399215595,0.5465576854407082,0.5167577470986431
Iraq,2025,0.5425310232408633,0.5315134378550428,0.552602809143703,0.5167577470986431
Iraq,2026,0.5446819351756038,0.5275354732542121,0.5616494093009214,0.5167577470986431
Iraq,2027,0.5468328471103444,0.5237730298478628,0.5700896895120134,0.5167577470986431
Iceland,2023,0.7331270774854178,0.7216234336154919,0.746039367538303,0.7170182485287129
Iceland,2024,0.7371135162920601,0.6996783578266927,0.7761964805957453,0.7170182485287129
Iceland,2025,0.7411108768488576,0.6713434265532067,0.817165313153027,0.7170182485287129
Iceland,2026,0.7450973156555,0.6414260341550097,0.8608631701202258,0.7170182485287129
Iceland,2027,0.7490837544621423,0.6051749519243886,0.9037884235448729,0.7170182485287129
Israel,2023,0.6159730000021678,0.6113824524404738,0.620394428583925,0.6193035653437569
Israel,2024,0.617805871337187,0.6103116065227623,0.6261266561445652,0.6193035653437569
Israel,2025,0.6196437642375077,0.6078589131328193,0.632980215045038,0.6193035653437569
Israel,2026,0.6214766355725267,0.6035988335418756,0.6418131176029,0.6193035653437569
Israel,2027,0.6233095069075462,0.599576255816814,0.6520517362631127,0.6193035653437569
Italy,2023,0.6416512886787633,0.638891508075395,0.6448323926124994,0.671146445945005
Italy,2024,0.640226038110014,0.6337480437464384,0.6483824279750989,0.671146445945005
Italy,2025,0.638796882745186,0.6274908753334745,0.6513832529703575,0.671146445945005
Italy,2026,0.6373716321764366,0.6202797565832157,0.6553397284738137,0.671146445945005
Italy,2027,0.6359463816076872,0.6110748196548544,0.6598310005192012,0.671146445945005
Jamaica,2023,0.6135749867305846,0.611400971623961,0.6157482776529069,0.624489701069815
Jamaica,2024,0.6144971862937937,0.6108550300003425,0.6179732183673174,0.624489701069815
Jamaica,2025,0.6154219124311485,0.6091520939298661,0.6215887836807438,0.624489701069815
Jamaica,2026,0.6163441119943576,0.6069687182384721,0.625707093382964,0.624489701069815
Jamaica,2027,0.6172663115575666,0.6047896013933606,0.6294508587603411,0.624489701069815
Jordan,2023,0.5710019269111962,0.5686113296613864,0.5735173758668543,0.541023328903089
Jordan,2024,0.5727828092760918,0.5680141128284194,0.5777124630583603,0.541023328903089
Jordan,2025,0.5745685707707543,0.5655034588500206,0.582055776813218,0.541023328903089
Jordan,2026,0.5763494531356499,0.5639320484053575,0.5871334343291585,0.541023328903089
Jordan,2027,0.5781303355005456,0.5609570823768337,0.5931765736047478,0.541023328903089
Japan,2023,0.6954987200910236,0.692932232973755,0.6980531288534826,0.7001752095815629
Japan,2024,0.6956466286399982,0.6883553683639071,0.7030898390437696,0.7001752095815629
Japan,2025,0.6957949424178741,0.6821149949395995,0.7096562029563642,0.7001752095815629
Japan,2026,0.6959428509668486,0.6737442839861129,0.7181817632953597,0.7001752095815629
Japan,2027,0.6960907595158231,0.6644250732930155,0.7263471838201369,0.7001752095815629
Kazakhstan,2023,0.6006381511065374,0.5982740908674002,0.602592537509652,0.5824985271310756
Kazakhstan,2024,0.6036102497913006,0.5971277233996374,0.6096718403578179,0.5824985271310756
Kazakhstan,2025,0.6065904912121866,0.5945278279340798,0.6174910122007393,0.5824985271310756
Kazakhstan,2026,0.6095625898969499,0.592090734328241,0.6266775874031478,0.5824985271310756
Kazakhstan,2027,0.6125346885817131,0.5905340459976056,0.6358243256283044,0.5824985271310756
Kenya,2023,0.5612250391754275,0.5503682404212981,0.5717486521637996,0.5751665291028871
Kenya,2024,0.5642938347254267,0.5281035121701523,0.5993368139029234,0.5751665291028871
Kenya,2025,0.567371037934467,0.49973720318081744,0.6320625554308211,0.5751665291028871
Kenya,2026,0.5704398334844663,0.47025639248362777,0.6678184408915293,0.5751665291028871
Kenya,2027,0.5735086290344654,0.43686073586807994,0.7013268579095392,0.5751665291028871
Kyrgyzstan,2023,0.6112876557733864,0.6060947143832488,0.6160835750208216,0.6126033554807649
Kyrgyzstan,2024,0.6119109343173568,0.5976983964964856,0.6230554211070711,0.6126033554807649
Kyrgyzstan,2025,0.6125359204737766,0.5871482770560355,0.6341856813456626,0.6126033554807649
Kyrgyzstan,2026,0.6131591990177471,0.5739764085440773,0.6462869397019189,0.6126033554807649
Kyrgyzstan,2027,0.6137824775617177,0.5584145202101736,0.6639319937667539,0.6126033554807649
Cambodia,2023,0.7074394929640733,0.695668347694869,0.7207822476069837,0.668752232570929
Cambodia,2024,0.715133184222057,0.6772977689350008,0.7567051440822186,0.668752232570929
Cambodia,2025,0.7228479540862268,0.6516226800884143,0.7992054158219393,0.668752232570929
Cambodia,2026,0.7305416453442105,0.6223625297478025,0.8433397067605084,0.668752232570929
Cambodia,2027,0.738235336602194,0.5830419894390029,0.8907197523941502,0.668752232570929
Kiribati,2023,0.6282921980466853,0.6235872531714384,0.6330543167930301,0.590730352517919
Kiribati,2024,0.6335111957863877,0.6266451127541646,0.6394817461544119,0.590730352517919
Kiribati,2025,0.6387444921500343,0.6295816469380819,0.6481740509398762,0.590730352517919
Kiribati,2026,0.6439634898897365,0.6310818066213537,0.6580666657272056,0.590730352517919
Kiribati,2027,0.6491824876294386,0.6310107889037173,0.6684500179437942,0.590730352517919
South Korea,2023,0.7192923043396849,0.7171237434469502,0.7214344269385022,0.7101198765101813
South Korea,2024,0.7210683867761479,0.7150023493575531,0.7267264333215455,0.7101198765101813
South Korea,2025,0.7228493351918889,0.7115973631423456,0.7327304967556607,0.7101198765101813
South Korea,2026,0.7246254176283516,0.7072807060939166,0.740312071689047,0.7101198765101813
South Korea,2027,0.7264015000648146,0.7031727343390437,0.7490393469533594,0.7101198765101813
Kuwait,2023,0.6057218093342126,0.6005333782356199,0.6112150895276947,0.617775537302349
Kuwait,2024,0.6047449716703533,0.5923347457918161,0.6174644200696972,0.617775537302349
Kuwait,2025,0.6037654577389219,0.5829759208144748,0.6259599036938899,0.617775537302349
Kuwait,2026,0.6027886200750627,0.5716454718478784,0.6367533715759955,0.617775537302349
Kuwait,2027,0.6018117824112035,0.5573110387095686,0.6483700069563049,0.617775537302349
Laos,2023,0.6825894847330727,0.6621336666596092,0.7033505070906,0.706092783477982
Laos,2024,0.685047184327884,0.662879843416638,0.7063890176416406,0.706092783477982
Laos,2025,0.6875116173462428,0.6673534235619569,0.7091183845065228,0.706092783477982
Laos,2026,0.6899693169410541,0.6698588286131396,0.7108233466724707,0.706092783477982
Laos,2027,0.6924270165358655,0.6730430624571594,0.7154045506542149,0.706092783477982
Lebanon,2023,0.5793408464436337,0.576390320022995,0.5819514441340384,0.5345755150637985
Lebanon,2024,0.5781533524967655,0.5687587897480607,0.5868727079014247,0.5345755150637985
Lebanon,2025,0.5769626051418236,0.5611841639805736,0.5927689748400934,0.5345755150637985
Lebanon,2026,0.5757751111949554,0.5507978816222492,0.5994541004393712,0.5345755150637985
Lebanon,2027,0.5745876172480872,0.5396878552285014,0.6072308825927348,0.5345755150637985
Liberia,2023,0.5955881078607714,0.5918212408376471,0.5994352053246356,0.6010653949130047
Liberia,2024,0.598964424238514,0.589142927631028,0.6087227675930252,0.6010653949130047
Liberia,2025,0.6023499907981136,0.5832899420446463,0.6201467289348292,0.6010653949130047
Liberia,2026,0.6057263071758562,0.5765212553328838,0.6342525229511808,0.6010653949130047
Liberia,2027,0.609102623553599,0.5699332994078586,0.6485178556060132,0.6010653949130047
Libya,2023,0.44346045308070225,0.43798462230933394,0.44924253895794075,0.4599089071107492
Libya,2024,0.44094782650412134,0.43556336039530225,0.4464435188846603,0.4599089071107492
Libya,2025,0.4384283160191114,0.43257849551379984,0.44380887266059715,0.4599089071107492
Libya,2026,0.4359156894425305,0.429583911150039,0.44195961987147203,0.4599089071107492
Libya,2027,0.4334030628659496,0.42724193398777505,0.4393969058167145,0.4599089071107492
Liechtenstein,2023,0.8129521740997637,0.8060315516612738,0.8198825190170287,0.7940653270837945
Liechtenstein,2024,0.816948118490486,0.8059498233903505,0.8274088425140549,0.7940653270837945
Liechtenstein,2025,0.8209550106740595,0.8021038832284552,0.8376339237399472,0.7940653270837945
Liechtenstein,2026,0.8249509550647817,0.799317848383423,0.8494500867361935,0.7940653270837945
Liechtenstein,2027,0.8289468994555039,0.7935713575750378,0.8618541328643436,0.7940653270837945
Sri Lanka,2023,0.6918066698717282,0.6820033104989731,0.7016645396521984,0.6690609261281497
Sri Lanka,2024,0.6943154349840718,0.6845366058232204,0.7045401708584839,0.6690609261281497
Sri Lanka,2025,0.6968310734254902,0.6868439661153163,0.7074515213063127,0.6690609261281497
Sri Lanka,2026,0.6993398385378338,0.6875345845352473,0.7108105812086044,0.6690609261281497
Sri Lanka,2027,0.7018486036501773,0.6892352113342599,0.7148601871163197,0.6690609261281497
Lesotho,2023,0.46442058511752526,0.4585953221277592,0.4704241706488097,0.42854833153592353
Lesotho,2024,0.471632865028559,0.46268825175974515,0.4814507232465995,0.42854833153592353
Lesotho,2025,0.478864904610582,0.4633509775071104,0.49660917306927926,0.42854833153592353
Lesotho,2026,0.48607718452161575,0.46246148060851444,0.5126197777773804,0.42854833153592353
Lesotho,2027,0.4932894644326496,0.4604974603059399,0.530012110877781,0.42854833153592353
Lithuania,2023,0.7211409604566814,0.7113791212887411,0.7344904976162547,0.6734800168083156
Lithuania,2024,0.7296003814395529,0.6990975546522712,0.7702363995414725,0.6734800168083156
Lithuania,2025,0.7380829789182676,0.6780907936237377,0.8078148847897405,0.6734800168083156
Lithuania,2026,0.7465423999011388,0.6527570811905695,0.8506754555040436,0.6734800168083156
Lithuania,2027,0.7550018208840102,0.6255594368371433,0.902916886612995,0.6734800168083156
Luxembourg,2023,0.6908599930057719,0.685531397437557,0.6956902124535695,0.7117165499751698
Luxembourg,2024,0.6918465725359321,0.68320847756642,0.7013634948832365,0.7117165499751698
Luxembourg,2025,0.692835855023709,0.6785489013440257,0.7081543686440621,0.7117165499751698
Luxembourg,2026,0.6938224345538692,0.6716055534997774,0.7158073305541791,0.7117165499751698
Luxembourg,2027,0.6948090140840293,0.6653987473867288,0.7256433603174878,0.7117165499751698
Latvia,2023,0.7550759863592206,0.746496400959339,0.7633728764088388,0.7044944887066191
Latvia,2024,0.763085145206872,0.739656398096249,0.7883470421585466,0.7044944887066191
Latvia,2025,0.7711162469554758,0.7248945867948897,0.8177679423419741,0.7044944887066191
Latvia,2026,0.7791254058031271,0.7031017503101886,0.8510546138434063,0.7044944887066191
Latvia,2027,0.7871345646507785,0.6825902882587388,0.8911145829104395,0.7044944887066191
Morocco,2023,0.6099931283756742,0.5980709180300862,0.6212888207724316,0.5598807436921264
Morocco,2024,0.6170542151327287,0.6053206422001162,0.6284708139679788,0.5598807436921264
Morocco,2025,0.6241346473329532,0.6122176010770582,0.635313886139194,0.5598807436921264
Morocco,2026,0.6311957340900076,0.6186642434266709,0.6423726077680162,0.5598807436921264
Morocco,2027,0.6382568208470621,0.6255371633840744,0.6520590453914691,0.5598807436921264
Monaco,2023,0.6618288932451911,0.6484336324093881,0.6751847654231051,0.6884146230761082
Monaco,2024,0.661793746748174,0.6477697876885025,0.6754293346858525,0.6884146230761082
Monaco,2025,0.6617585039593842,0.6471856866404111,0.6741050094967262,0.6884146230761082
Monaco,2026,0.6617233574623672,0.647324370707571,0.676369903087222,0.6884146230761082
Monaco,2027,0.66168821096535,0.6448838522520935,0.6780920698895465,0.6884146230761082
Moldova,2023,0.6429615638014793,0.6374333101072447,0.6487607775997494,0.6107428294454406
Moldova,2024,0.6461581133943304,0.6272648105208877,0.6645447421124475,0.6107428294454406
Moldova,2025,0.6493634206572988,0.61307416216801,0.6813895107395209,0.6107428294454406
Moldova,2026,0.6525599702501499,0.595964293012046,0.7001558108735887,0.6107428294454406
Moldova,2027,0.6557565198430009,0.5766596697777734,0.7239689179337686,0.6107428294454406
Madagascar,2023,0.6043216470778883,0.5950582551326604,0.6132914758203638,0.572988417858772
Madagascar,2024,0.6104977982445416,0.5992976152378527,0.6206633433600531,0.572988417858772
Madagascar,2025,0.6166908703732954,0.6027227618640928,0.6289587622460142,0.572988417858772
Madagascar,2026,0.6228670215399489,0.6048326801063146,0.6380289710065347,0.572988417858772
Madagascar,2027,0.6290431727066021,0.6056253012915628,0.6489741104292271,0.572988417858772
Maldives,2023,0.640377811163718,0.6364794972805699,0.6445081111146812,0.6038482832341725
Maldives,2024,0.6461135993063857,0.6334588852783309,0.6586515252349803,0.6038482832341725
Maldives,2025,0.6518651019371156,0.6311523467818498,0.6746965077962525,0.6038482832341725
Maldives,2026,0.6576008900797833,0.6257977298304347,0.6916354385049165,0.6038482832341725
Maldives,2027,0.663336678222451,0.618975417615087,0.7137243028363002,0.6038482832341725
Mexico,2023,0.639221321587811,0.6352688074419334,0.642529239209093,0.6399936830990921
Mexico,2024,0.6403003117616373,0.6284806046560237,0.6512503154403367,0.6399936830990921
Mexico,2025,0.641382258072926,0.6197153780366488,0.6609712906768399,0.6399936830990921
Mexico,2026,0.6424612482467523,0.6080449487805935,0.6716016555783098,0.6399936830990921
Mexico,2027,0.6435402384205786,0.5948884804378423,0.6847405543698643,0.6399936830990921
Marshall Islands,2023,0.6136710861858227,0.6060366096245393,0.6214991850075844,0.6211278350278387
Marshall Islands,2024,0.6147048565279095,0.5909389589329741,0.6391321501013553,0.6211278350278387
Marshall Islands,2025,0.615741459117509,0.572241975585762,0.6581017162237554,0.6211278350278387
Marshall Islands,2026,0.6167752294595957,0.5518585901878642,0.6800609470962753,0.6211278350278387
Marshall Islands,2027,0.6178089998016827,0.5289234803963859,0.7034558241041667,0.6211278350278387
North Macedonia,2023,0.6458272828937361,0.6408206678136439,0.6519234219745504,0.6176084645246834
North Macedonia,2024,0.6532361565681729,0.6387277910853213,0.6704826495339589,0.6176084645246834
North Macedonia,2025,0.6606653285266494,0.6332662546048555,0.69192208305231,0.6176084645246834
North Macedonia,2026,0.668074202201086,0.6253120606314403,0.7130470111782934,0.6176084645246834
North Macedonia,2027,0.6754830758755228,0.6162671183200922,0.7379830527027308,0.6176084645246834
Mali,2023,0.5231630100148729,0.5153916571257462,0.5297205470089186,0.4833202452459424
Mali,2024,0.5283149563950796,0.5207999531077565,0.5362886634815599,0.4833202452459424
Mali,2025,0.5334810176968762,0.523043203570636,0.5430721225325535,0.4833202452459424
Mali,2026,0.538632964077083,0.5237137830689379,0.551346767328222,0.4833202452459424
Mali,2027,0.54378491045729,0.5267966116345837,0.559438783169466,0.4833202452459424
Malta,2023,0.6384134141753073,0.6359705045664277,0.6410112551869395,0.6304533718986228
Malta,2024,0.642067318881782,0.6350627641663704,0.6485472170755755,0.6304533718986228
Malta,2025,0.6457312342860828,0.6334280482451825,0.6578519024330289,0.6304533718986228
Malta,2026,0.6493851389925575,0.63107954349648,0.668225277328348,0.6304533718986228
Malta,2027,0.6530390436990322,0.6265774170399219,0.6782675032263963,0.6304533718986228
Myanmar,2023,0.6258045642046389,0.6166733876698628,0.6352046954516118,0.6461778223785583
Myanmar,2024,0.6236266332532451,0.6143387285419188,0.6332187717315418,0.6461778223785583
Myanmar,2025,0.6214427353677379,0.6101608453837314,0.6329045165317754,0.6461778223785583
Myanmar,2026,0.6192648044163442,0.6056272606519739,0.6331007557737451,0.6461778223785583
Myanmar,2027,0.6170868734649504,0.6003368606838313,0.6343080025746105,0.6461778223785583
Montenegro,2023,0.6943534151342331,0.6880262911927917,0.7006943299794225,0.6791971870168763
Montenegro,2024,0.6966475651369073,0.6799088967386043,0.714274725104955,0.6791971870168763
Montenegro,2025,0.6989480004820545,0.6692926659888512,0.7294842520445964,0.6791971870168763
Montenegro,2026,0.7012421504847286,0.6577928342763946,0.7474246999821413,0.6791971870168763
Montenegro,2027,0.7035363004874027,0.6402077750419483,0.7667755422283827,0.6791971870168763
Mongolia,2023,0.6023862498359814,0.5957146825804897,0.6086851941524567,0.5795747552625058
Mongolia,2024,0.6075913252289409,0.6002351706301731,0.6144640428908309,0.5795747552625058
Mongolia,2025,0.612810661102429,0.6046179159661191,0.6211042754772202,0.5795747552625058
Mongolia,2026,0.6180157364953884,0.608135757227513,0.6289559272411229,0.5795747552625058
Mongolia,2027,0.6232208118883479,0.6105735013251107,0.6363541873047308,0.5795747552625058
Mozambique,2023,0.5628289685780916,0.5593020869107586,0.5668704691865174,0.55023921779739
Mozambique,2024,0.5662061042753325,0.555966580923816,0.5772675100256244,0.55023921779739
Mozambique,2025,0.5695924923991411,0.551419969229081,0.5902061273307244,0.55023921779739
Mozambique,2026,0.572969628096382,0.545216505437806,0.6030706451987714,0.55023921779739
Mozambique,2027,0.5763467637936229,0.5353619062602337,0.6182721134242991,0.55023921779739
Mauritania,2023,0.5059322927444087,0.49612213662153426,0.5153427428254811,0.43996954936455673
Mauritania,2024,0.5139327797686168,0.5038854568672988,0.5244057034181809,0.43996954936455673
Mauritania,2025,0.5219551859353571,0.5113284523736213,0.53325495380484,0.43996954936455673
Mauritania,2026,0.5299556729595651,0.5173473810864136,0.5425466577485807,0.43996954936455673
Mauritania,2027,0.5379561599837733,0.52284442990485,0.5522361283795187,0.43996954936455673
Mauritius,2023,0.6174282192546878,0.6141197845412452,0.6213316991978394,0.5962525193733333
Mauritius,2024,0.6195271840484481,0.6090159398807274,0.6309931379223968,0.5962525193733333
Mauritius,2025,0.6216318994306845,0.6025563393585683,0.6430090630277171,0.5962525193733333
Mauritius,2026,0.623730864224445,0.5946875456638029,0.6568128289951715,0.5962525193733333
Mauritius,2027,0.6258298290182054,0.585321301867894,0.6717413836614611,0.5962525193733333
Malawi,2023,0.5319258474991501,0.5258681076677607,0.5373752417468515,0.4920555419984839
Malawi,2024,0.5354029773863911,0.5293860122320921,0.5408538942189578,0.4920555419984839
Malawi,2025,0.5388896336568848,0.5322201153768817,0.545835586153923,0.4920555419984839
Malawi,2026,0.5423667635441259,0.5349747468757527,0.5495358868721474,0.4920555419984839
Malawi,2027,0.545843893431367,0.5370016411401297,0.5537462857955054,0.4920555419984839
Malaysia,2023,0.6697070882741414,0.6682314293732027,0.6712645684091405,0.669226821599999
Malaysia,2024,0.6708630431526369,0.6666571917720855,0.675544040209488,0.669226821599999
Malaysia,2025,0.6720221650307995,0.6643892511335583,0.6797246669767385,0.669226821599999
Malaysia,2026,0.6731781199092949,0.661132465806243,0.684666477308997,0.669226821599999
Malaysia,2027,0.6743340747877903,0.6572811956064453,0.690713265179009,0.669226821599999
Namibia,2023,0.5222983051762498,0.5090608246450213,0.5343960395719208,0.46079952042050404
Namibia,2024,0.5298190255493985,0.5171463384481307,0.5425944628139464,0.46079952042050404
Namibia,2025,0.5373603506358984,0.524973980407019,0.5517873743453172,0.46079952042050404
Namibia,2026,0.5448810710090471,0.5300850141592783,0.5586316690666995,0.46079952042050404
Namibia,2027,0.5524017913821959,0.5357686631531804,0.5687958269635975,0.46079952042050404
Niger,2023,0.4737736805609385,0.4673579922552164,0.4802038397560728,0.4645619960004263
Niger,2024,0.47722930675168235,0.468518338139459,0.4856182631619974,0.4645619960004263
Niger,2025,0.48069440041144196,0.46553996742697185,0.49562814146003054,0.4645619960004263
Niger,2026,0.48415002660218587,0.4628034355627138,0.5046855965922782,0.4645619960004263
Niger,2027,0.4876056527929298,0.4572546343578788,0.5179266111057658,0.4645619960004263
Nigeria,2023,0.5038844102090948,0.4892792216657247,0.5187731611779054,0.5444808868324261
Nigeria,2024,0.5024068773703251,0.4878462325592207,0.5173160124901823,0.5444808868324261
Nigeria,2025,0.5009252964963806,0.48540318111903685,0.5156862787630525,0.5444808868324261
Nigeria,2026,0.49944776365761084,0.48347447503230523,0.51603132171731,0.5444808868324261
Nigeria,2027,0.4979702308188412,0.48202636379298575,0.5159201521546505,0.5444808868324261
Nicaragua,2023,0.6524952610294548,0.649399213146905,0.6561302732155568,0.6314388360049858
Nicaragua,2024,0.6551343083142975,0.6456952145494901,0.6663160904360947,0.6314388360049858
Nicaragua,2025,0.6577805858656742,0.6405213881484011,0.6777900257149142,0.6314388360049858
Nicaragua,2026,0.6604196331505171,0.6305207877033664,0.6907420059060339,0.6314388360049858
Nicaragua,2027,0.6630586804353599,0.6220550125810241,0.7063463422326435,0.6314388360049858
Netherlands,2023,0.5929425279662406,0.5889637919089911,0.5967068753256565,0.6327700441392914
Netherlands,2024,0.5912118485329201,0.5795515101596742,0.6028322102494179,0.6327700441392914
Netherlands,2025,0.589476427512111,0.5688137370316091,0.6108444734735334,0.6327700441392914
Netherlands,2026,0.5877457480787905,0.5563661584866192,0.6205883399982364,0.6327700441392914
Netherlands,2027,0.58601506864547,0.5433470344837068,0.6305755268592241,0.6327700441392914
Norway,2023,0.7238856191298788,0.7158710333163988,0.7323631868104009,0.7562763338507725
Norway,2024,0.7224131262178025,0.7124891116623051,0.7320347511129265,0.7562763338507725
Norway,2025,0.7209365990785699,0.7083504770953136,0.732535464052413,0.7562763338507725
Norway,2026,0.7194641061664936,0.704242761959092,0.7339548329918146,0.7562763338507725
Norway,2027,0.7179916132544173,0.6985181164531818,0.7374495156313721,0.7562763338507725
Nepal,2023,0.6709645271722399,0.664127994946716,0.6787996698499928,0.6382028811185644
Nepal,2024,0.6770495872041031,0.6700015065526894,0.6854233060873373,0.6382028811185644
Nepal,2025,0.6831513186333138,0.6731740588025035,0.6929988324385364,0.6382028811185644
Nepal,2026,0.6892363786651768,0.6764879943893866,0.7015972461518862,0.6382028811185644
Nepal,2027,0.69532143869704,0.6804910781185675,0.7107277251815838,0.6382028811185644
Nauru,2023,0.5186176384423894,0.5173988460495865,0.5199018162045193,0.5157693424362323
Nauru,2024,0.5203124852462812,0.5176407776810764,0.5233302698149803,0.5157693424362323
Nauru,2025,0.5220119754660741,0.5172133739605135,0.5272917524794543,0.5157693424362323
Nauru,2026,0.523706822269966,0.5167317500975417,0.5318543054726227,0.5157693424362323
Nauru,2027,0.5254016690738577,0.515714008395101,0.5362241398931159,0.5157693424362323
New Zealand,2023,0.6893643940266129,0.6856802976635769,0.6932550301492094,0.6873330390684571
New Zealand,2024,0.6911787169557118,0.680385413205792,0.7014329072225317,0.6873330390684571
New Zealand,2025,0.6929980106325615,0.673927662344662,0.7119245634206754,0.6873330390684571
New Zealand,2026,0.6948123335616604,0.6631933504880505,0.7228139653714752,0.6873330390684571
New Zealand,2027,0.6966266564907593,0.6515164761167654,0.7357337823427189,0.6873330390684571
Oman,2023,0.60594147242172,0.602731250063428,0.6096188392303661,0.5876707879866078
Oman,2024,0.6082154586344286,0.6005930298270382,0.6174277781504378,0.5876707879866078
Oman,2025,0.6104956749463502,0.5963795467512746,0.6268495851616874,0.5876707879866078
Oman,2026,0.6127696611590586,0.590441231706992,0.6371362137692045,0.5876707879866078
Oman,2027,0.6150436473717672,0.5812950597333548,0.6495485090254491,0.5876707879866078
Pakistan,2023,0.5571069878047324,0.5529033560234945,0.5615232290271829,0.53824841587678
Pakistan,2024,0.5583273890467043,0.5533418189119486,0.5633147039429496,0.53824841587678
Pakistan,2025,0.5595511338537227,0.5540054521839483,0.5659595407451545,0.53824841587678
Pakistan,2026,0.5607715350956946,0.5528117500166687,0.5689827435841931,0.53824841587678
Pakistan,2027,0.5619919363376664,0.5516609550891539,0.5730109959731488,0.53824841587678
Panama,2023,0.6962529941574248,0.6898809216662686,0.7020286347569347,0.6781034606867258
Panama,2024,0.698647841687812,0.6807148774276551,0.717084632699194,0.6781034606867258
Panama,2025,0.7010492504443099,0.6672894310011248,0.7328669419023373,0.6781034606867258
Panama,2026,0.7034440979746973,0.6530263151582738,0.7523255077771384,0.6781034606867258
Panama,2027,0.7058389455050846,0.6357296115429232,0.7717711432972607,0.6781034606867258
Peru,2023,0.703768368526013,0.7000765076701175,0.707429541799469,0.6770978166794568
Peru,2024,0.7064529489142124,0.6992122160255438,0.7138468734041137,0.6770978166794568
Peru,2025,0.7091448843171739,0.6955650075381137,0.7224124811146249,0.6770978166794568
Peru,2026,0.7118294647053732,0.6901872978238146,0.7313971138101444,0.6770978166794568
Peru,2027,0.7145140450935726,0.6852009947966726,0.7424223084975213,0.6770978166794568
Philippines,2023,0.6418935004403697,0.6357055584112621,0.6484450588809905,0.6352539113382546
Philippines,2024,0.6438322308549834,0.623901188564541,0.6642502908975356,0.6352539113382546
Philippines,2025,0.6457762728597739,0.6092380643599573,0.6827426924005592,0.6352539113382546
Philippines,2026,0.6477150032743874,0.5930896695532004,0.7016339188681913,0.6352539113382546
Philippines,2027,0.6496537336890008,0.5741667393544915,0.7272107986269071,0.6352539113382546
Palau,2023,0.6769314779492954,0.675178938219261,0.6786080028503625,0.6701356733470071
Palau,2024,0.6775711778455527,0.6740738190900897,0.6808520651113439,0.6701356733470071
Palau,2025,0.6782126303442654,0.6725541032095206,0.6839742657094758,0.6701356733470071
Palau,2026,0.6788523302405228,0.6706496819591626,0.6881562438160649,0.6701356733470071
Palau,2027,0.6794920301367801,0.6680061702258999,0.6921445606893947,0.6701356733470071
Papua New Guinea,2023,0.5833097454577325,0.5795416479369724,0.5868636449076731,0.585774074793812
Papua New Guinea,2024,0.5847115081833673,0.5739978217207453,0.5949475462823781,0.585774074793812
Papua New Guinea,2025,0.5861171113548256,0.5655493017519474,0.6043559746727648,0.585774074793812
Papua New Guinea,2026,0.5875188740804603,0.5569951712567345,0.6147242841348348,0.585774074793812
Papua New Guinea,2027,0.588920636806095,0.547202098775293,0.6269412729925159,0.585774074793812
Poland,2023,0.66180038666115,0.6554832145435795,0.667719213607258,0.6578447873194723
Poland,2024,0.6650000568234484,0.647080606139835,0.681607416051809,0.6578447873194723
Poland,2025,0.6682084932053696,0.637914905141428,0.699150722858705,0.6578447873194723
Poland,2026,0.6714081633676678,0.6241762458976764,0.7201552243344408,0.6578447873194723
Poland,2027,0.6746078335299662,0.6098119506937676,0.7437260787529717,0.6578447873194723
North Korea,2023,0.6553563805650818,0.6472520873889974,0.6630369001690994,0.6127156709890036
North Korea,2024,0.6617993902147258,0.6372442673613918,0.6842694359315915,0.6127156709890036
North Korea,2025,0.6682600519456017,0.6209579011124149,0.7081733597390046,0.6127156709890036
North Korea,2026,0.6747030615952458,0.6004180848339922,0.7376677678935322,0.6127156709890036
North Korea,2027,0.6811460712448898,0.5795393339021526,0.7678883194677865,0.6127156709890036
Portugal,2023,0.6571099068012558,0.650323860445487,0.6642258582555712,0.6882681280788838
Portugal,2024,0.6578856829945257,0.64966418814855,0.6653067989769963,0.6882681280788838
Portugal,2025,0.6586635846020238,0.6487613704036981,0.6680066611228519,0.6882681280788838
Portugal,2026,0.6594393607952939,0.6448843174326069,0.6719249322315728,0.6882681280788838
Portugal,2027,0.6602151369885637,0.641523891494585,0.6772460946442811,0.6882681280788838
Paraguay,2023,0.7040439680324081,0.6967530785681396,0.7102025689294809,0.6777353598774225
Paraguay,2024,0.7040378710449879,0.6820309284497468,0.7229373894778415,0.6777353598774225
Paraguay,2025,0.7040317573534925,0.6659300516789434,0.7394687034538758,0.6777353598774225
Paraguay,2026,0.7040256603660724,0.6499073162800006,0.7611682066625759,0.6777353598774225
Paraguay,2027,0.7040195633786521,0.6291318936277337,0.7800562253437098,0.6777353598774225
Qatar,2023,0.6413358632960481,0.6338889634564574,0.6489944010431141,0.6574407107355769
Qatar,2024,0.6401648659531548,0.628962960864748,0.6501519640183273,0.6574407107355769
Qatar,2025,0.6389906603983633,0.6232371211139547,0.6535329443734007,0.6574407107355769
Qatar,2026,0.6378196630554699,0.6146314041687635,0.6589721158184793,0.6574407107355769
Qatar,2027,0.6366486657125766,0.6046734575306757,0.6652776606341383,0.6574407107355769
Romania,2023,0.6667033234468047,0.6626094211908402,0.6708164496115949,0.6491415804090289
Romania,2024,0.6696210182969032,0.657132048680495,0.6823772323512727,0.6491415804090289
Romania,2025,0.6725467068315226,0.6502449263409091,0.6960271108771466,0.6491415804090289
Romania,2026,0.6754644016816211,0.6414028269074106,0.7107241319671479,0.6491415804090289
Romania,2027,0.6783820965317197,0.6311136422129549,0.7250064799313038,0.6491415804090289
Russia,2023,0.6442274997589429,0.6370647461757781,0.6505308722098585,0.6500140540897903
Russia,2024,0.6452536993085082,0.6376546099244598,0.6532574218557726,0.6500140540897903
Russia,2025,0.6462827103636886,0.6377695208539491,0.6560721354535021,0.6500140540897903
Russia,2026,0.6473089099132538,0.6366019598490983,0.6586195136280566,0.6500140540897903
Russia,2027,0.6483351094628189,0.634194653480395,0.6645282980092789,0.6500140540897903
Rwanda,2023,0.5525053517511105,0.5467700403513852,0.5587154359745683,0.5400587724350565
Rwanda,2024,0.5578311334298892,0.5516191432988383,0.5640727145888724,0.5400587724350565
Rwanda,2025,0.5631715062913496,0.5563568991702011,0.5695468127784149,0.5400587724350565
Rwanda,2026,0.5684972879701284,0.5604585969186044,0.5762300758886906,0.5400587724350565
Rwanda,2027,0.5738230696489073,0.5647600007802837,0.5833801802255658,0.5400587724350565
Saudi Arabia,2023,0.6263758114296856,0.6214587770118736,0.6316289503687441,0.5996449490099205
Saudi Arabia,2024,0.6311560283075155,0.6258018048378686,0.6367769415012662,0.5996449490099205
Saudi Arabia,2025,0.6359493416699424,0.6292155249418673,0.6421709179861964,0.5996449490099205
Saudi Arabia,2026,0.6407295585477724,0.6325101164782246,0.6494306516347993,0.5996449490099205
Saudi Arabia,2027,0.6455097754256025,0.6351999187594102,0.6557085672681504,0.5996449490099205
Sudan,2023,0.5003040441977832,0.48902101254518515,0.512699459604053,0.49765906148428934
Sudan,2024,0.5045641892092138,0.49256867703676116,0.5166626388112602,0.49765906148428934
Sudan,2025,0.5088360058508125,0.4962673138238538,0.5212229296349568,0.49765906148428934
Sudan,2026,0.5130961508622429,0.49999911155118415,0.5266521238648153,0.49765906148428934
Sudan,2027,0.5173562958736734,0.5024217599028641,0.5322854501389803,0.49765906148428934
Senegal,2023,0.47170991628882925,0.4590341275098645,0.48417988154539726,0.5592906246731252
Senegal,2024,0.46536927849118187,0.45124653343729626,0.4820971459718769,0.5592906246731252
Senegal,2025,0.45901126908312995,0.43873098039006975,0.4772386434108548,0.5592906246731252
Senegal,2026,0.4526706312854826,0.4274767490099539,0.479529479093998,0.5592906246731252
Senegal,2027,0.44632999348783536,0.412638276577983,0.4837337843749355,0.5592906246731252
Singapore,2023,0.6736935160624647,0.6672156716920387,0.6810716308479157,0.6784454113434379
Singapore,2024,0.6750977150127428,0.6530462952774082,0.6995744358712132,0.6784454113434379
Singapore,2025,0.6765057610834327,0.6328529138523945,0.7191798284308241,0.6784454113434379
Singapore,2026,0.6779099600337108,0.6119552873119104,0.743506051670762,0.6784454113434379
Singapore,2027,0.6793141589839887,0.584703188856588,0.7679090226847366,0.6784454113434379
Solomon Islands,2023,0.728316821200634,0.7207326810420993,0.7357265943055883,0.6991283651708448
Solomon Islands,2024,0.7358074486451117,0.726999473837965,0.7452035698017095,0.6991283651708448
Solomon Islands,2025,0.7433185983565604,0.7320935373923013,0.754127404875186,0.6991283651708448
Solomon Islands,2026,0.7508092258010379,0.7356125860413305,0.7642779568727952,0.6991283651708448
Solomon Islands,2027,0.7582998532455155,0.7394191600031171,0.7768720621337449,0.6991283651708448
Sierra Leone,2023,0.46165304149642644,0.4562941829471231,0.46783684174045387,0.5072876517434949
Sierra Leone,2024,0.4612769258255881,0.45552511805027074,0.46752698701356665,0.5072876517434949
Sierra Leone,2025,0.46089977970085705,0.4544738229498967,0.46725628281761106,0.5072876517434949
Sierra Leone,2026,0.4605236640300187,0.45343663554705926,0.4679837014541013,0.5072876517434949
Sierra Leone,2027,0.46014754835918037,0.4524618055303174,0.46784005717587085,0.5072876517434949
El Salvador,2023,0.6123919930389334,0.607521597407675,0.6177480683709122,0.6239902766464998
El Salvador,2024,0.611843961394216,0.6060714113266662,0.6184755682488696,0.6239902766464998
El Salvador,2025,0.611294428292938,0.6027947454520176,0.620348925302072,0.6239902766464998
El Salvador,2026,0.6107463966482207,0.5992513988569002,0.6233388856978455,0.6239902766464998
El Salvador,2027,0.6101983650035034,0.5946556080267942,0.6263578788110978,0.6239902766464998
San Marino,2023,0.6322509453428623,0.6288186844897738,0.6352506636933923,0.6454498453358966
San Marino,2024,0.6311960097163724,0.6229188332116036,0.6400132236549257,0.6454498453358966
San Marino,2025,0.6301381838552893,0.6154281099945831,0.6464961887061849,0.6454498453358966
San Marino,2026,0.6290832482287994,0.6044695813396062,0.653434106860033,0.6454498453358966
San Marino,2027,0.6280283126023095,0.5945913206743272,0.6616853216194954,0.6454498453358966
Somalia,2023,0.4983004537333697,0.49126675805565856,0.5047467100209487,0.4752011150408483
Somalia,2024,0.5010146726472907,0.47806405760140386,0.5217708259942931,0.4752011150408483
Somalia,2025,0.5037363277774141,0.462934004576532,0.5438693239420906,0.4752011150408483
Somalia,2026,0.506450546691335,0.44523948939703434,0.5716260147917294,0.4752011150408483
Somalia,2027,0.509164765605256,0.4212206484331226,0.5998520976004232,0.4752011150408483
Serbia,2023,0.6132849985932489,0.5969756281209817,0.6290967444882111,0.6450538047134652
Serbia,2024,0.6154408895419072,0.5982835934946928,0.6320854202171373,0.6450538047134652
Serbia,2025,0.6176026870411099,0.6007198748930747,0.6352384690963336,0.6450538047134652
Serbia,2026,0.6197585779897682,0.6029243600653629,0.6383002008609894,0.6450538047134652
Serbia,2027,0.6219144689384266,0.6055344732838056,0.6390733282091008,0.6450538047134652
South Sudan,2023,0.31378415514396324,0.3073105896344041,0.3201354012243491,0.34187792222701824
South Sudan,2024,0.3137836462355912,0.30732575890532754,0.3206201662936731,0.34187792222701824
South Sudan,2025,0.31378313593294965,0.3066524441478282,0.3209833780386079,0.34187792222701824
South Sudan,2026,0.3137826270245776,0.30609848730786043,0.3212194063067709,0.34187792222701824
South Sudan,2027,0.31378211811620554,0.30550382194061815,0.32201303855763264,0.34187792222701824
S?o Tom? and Pr?ncipe,2023,0.7066328860925819,0.6943730966998275,0.7179003587746422,0.6288018349667757
S?o Tom? and Pr?ncipe,2024,0.7186011930612265,0.7056848154204436,0.7312004908343999,0.6288018349667757
S?o Tom? and Pr?ncipe,2025,0.7306022899119768,0.714328871747934,0.7473351352871879,0.6288018349667757
S?o Tom? and Pr?ncipe,2026,0.7425705968806213,0.7211897074374537,0.7642924974653327,0.6288018349667757
S?o Tom? and Pr?ncipe,2027,0.7545389038492659,0.7282771066827032,0.780885875804661,0.6288018349667757
Suriname,2023,0.6674185569970614,0.6621368262239586,0.6731035194216847,0.6778069194223688
Suriname,2024,0.6655531601250203,0.6550445831425458,0.6792807665594309,0.6778069194223688
Suriname,2025,0.6636826525766174,0.6436574873600102,0.6847648211643864,0.6778069194223688
Suriname,2026,0.6618172557045764,0.631429348951223,0.6939766524510836,0.6778069194223688
Suriname,2027,0.6599518588325353,0.6165350561450993,0.7048424635221819,0.6778069194223688
Slovakia,2023,0.6404202737872537,0.6356488395020667,0.6454834140252839,0.6348502717228124
Slovakia,2024,0.6442584445518379,0.63232176056272,0.6576970543643629,0.6348502717228124
Slovakia,2025,0.6481071308527633,0.6263977339052572,0.6715211430387267,0.6348502717228124
Slovakia,2026,0.6519453016173474,0.6190479729572703,0.6858826888681204,0.6348502717228124
Slovakia,2027,0.6557834723819316,0.6101655498317876,0.7022949397000618,0.6348502717228124
Slovenia,2023,0.7048095484203806,0.7003354194399263,0.709021651803293,0.72159857628955
Slovenia,2024,0.7054118959622592,0.6919280112975277,0.7172218713768372,0.72159857628955
Slovenia,2025,0.7060158937713759,0.6826778296248794,0.7283879786191152,0.72159857628955
Slovenia,2026,0.7066182413132543,0.6704742341988551,0.7393366310115455,0.72159857628955
Slovenia,2027,0.707220588855133,0.6600139771118793,0.7529346279638418,0.72159857628955
Sweden,2023,0.7576703219262991,0.7514199783479891,0.7641213608901606,0.7561736564518555
Sweden,2024,0.7591975012597917,0.7392733561914185,0.778775279424849,0.7561736564518555
Sweden,2025,0.7607288646462528,0.724653648997499,0.797510255012891,0.7561736564518555
Sweden,2026,0.7622560439797453,0.7115937689227734,0.8163531867836662,0.7561736564518555
Sweden,2027,0.7637832233132379,0.6937700462253973,0.8397244498426581,0.7561736564518555
Eswatini (Swaziland),2023,0.6087924203418675,0.6039528442486127,0.613198880859335,0.5062171231424515
Eswatini (Swaziland),2024,0.62065976573158,0.6131202444288748,0.6277399012768292,0.5062171231424515
Eswatini (Swaziland),2025,0.6325596243963328,0.6188048621216992,0.644056052200577,0.5062171231424515
Eswatini (Swaziland),2026,0.6444269697860455,0.6240331742884944,0.6635554570117134,0.5062171231424515
Eswatini (Swaziland),2027,0.656294315175758,0.6284016056444665,0.6816864906523018,0.5062171231424515
Seychelles,2023,0.6776098966381214,0.6705339971780439,0.6845766368611435,0.6653695375523906
Seychelles,2024,0.6796809014282121,0.6574500997989104,0.7019219653625377,0.6653695375523906
Seychelles,2025,0.681757580204029,0.643504818270702,0.7249123095715098,0.6653695375523906
Seychelles,2026,0.6838285849941197,0.6205293691704272,0.7466497978836848,0.6653695375523906
Seychelles,2027,0.6858995897842104,0.596404052208907,0.7759805440826498,0.6653695375523906
Syria,2023,0.3930465733110699,0.3741822339659553,0.41119492550973136,0.5212374239712969
Syria,2024,0.3832554449199326,0.3647887656708782,0.4018727106834614,0.5212374239712969
Syria,2025,0.3734374915195045,0.3535206691276553,0.3937753357271871,0.5212374239712969
Syria,2026,0.3636463631283671,0.34134839814947515,0.38518747449681284,0.5212374239712969
Syria,2027,0.3538552347372298,0.3272971292618511,0.3797272951768132,0.5212374239712969
Chad,2023,0.37731328667252517,0.37443294879298866,0.380441321253,0.40072656125056827
Chad,2024,0.3751595565501943,0.37009837339763896,0.37993716721845594,0.40072656125056827
Chad,2025,0.37299992579739133,0.3645199528603206,0.3812724556380397,0.40072656125056827
Chad,2026,0.37084619567506044,0.3577191763077885,0.3827387925970807,0.40072656125056827
Chad,2027,0.3686924655527296,0.35095562241611433,0.3850722464436263,0.40072656125056827
Togo,2023,0.6320606713636512,0.6246990295764073,0.639532962384713,0.5689029944533328
Togo,2024,0.6419202520596925,0.6303482959142093,0.6512750353102592,0.5689029944533328
Togo,2025,0.6518068453055859,0.6342406512070959,0.6668221411886676,0.5689029944533328
Togo,2026,0.6616664260016272,0.6365935502595055,0.6848673471765656,0.5689029944533328
Togo,2027,0.6715260066976685,0.6386699014645663,0.702152352615685,0.5689029944533328
Thailand,2023,0.6753007650829536,0.669152973632932,0.681551601242907,0.668415787896359
Thailand,2024,0.6755261800565407,0.6574777024816189,0.6934675281544065,0.668415787896359
Thailand,2025,0.6757522126053982,0.6398480509969511,0.7094723708428909,0.668415787896359
Thailand,2026,0.6759776275789854,0.625028200918568,0.7259136532746991,0.668415787896359
Thailand,2027,0.6762030425525726,0.6069139895705574,0.7468099390965622,0.668415787896359
Tajikistan,2023,0.5738098393557587,0.5689735825668646,0.5785880583133702,0.5908218300584215
Tajikistan,2024,0.5706844672805322,0.5592294752119005,0.5814258092824679,0.5908218300584215
Tajikistan,2025,0.567550532542086,0.5469918383938663,0.5870422734238258,0.5908218300584215
Tajikistan,2026,0.5644251604668596,0.5329367351170237,0.593702127607151,0.5908218300584215
Tajikistan,2027,0.5612997883916332,0.5171160463444527,0.6038844754793085,0.5908218300584215
Turkmenistan,2023,0.5770309569024479,0.5758666255009983,0.5781735759181077,0.5771353312361378
Turkmenistan,2024,0.577319699802644,0.5736515097670943,0.5806969317439941,0.5771353312361378
Turkmenistan,2025,0.5776092337792792,0.5713242971496139,0.5833232872684393,0.5771353312361378
Turkmenistan,2026,0.5778979766794752,0.5684004391057721,0.5870166003172598,0.5771353312361378
Turkmenistan,2027,0.5781867195796714,0.564486921556682,0.5914227221126045,0.5771353312361378
Timor-Leste,2023,0.576537598248435,0.5701830255345363,0.5828117350210865,0.6218579740869411
Timor-Leste,2024,0.5787465649735005,0.5704090035101942,0.5873230005009624,0.6218579740869411
Timor-Leste,2025,0.5809615836621962,0.5675510670104166,0.5938668702100071,0.6218579740869411
Timor-Leste,2026,0.5831705503872615,0.5656192328360751,0.6012016754920196,0.6218579740869411
Timor-Leste,2027,0.585379517112327,0.5589465816949611,0.6104765003549342,0.6218579740869411
Tonga,2023,0.6136204136056476,0.6097882516035517,0.6172919724693392,0.5935293093395763
Tonga,2024,0.6162926096430512,0.6056854377507264,0.6280490391596666,0.5935293093395763
Tonga,2025,0.6189721267654889,0.6000361889764011,0.6414914354690523,0.5935293093395763
Tonga,2026,0.6216443228028925,0.5945477631991036,0.6553896377699696,0.5935293093395763
Tonga,2027,0.6243165188402962,0.5847670841107642,0.6716999597013231,0.5935293093395763
Trinidad and Tobago,2023,0.6742133762056219,0.6672162662268027,0.6804365172506214,0.6444263334776551
Trinidad and Tobago,2024,0.6769984118818938,0.6558551144590503,0.6978874432592522,0.6444263334776551
Trinidad and Tobago,2025,0.6797910777928952,0.6405927520863092,0.7197524259616092,0.6444263334776551
Trinidad and Tobago,2026,0.6825761134691669,0.6226697522100253,0.743646545038258,0.6444263334776551
Trinidad and Tobago,2027,0.6853611491454388,0.6042750405565702,0.7715773911311129,0.6444263334776551
Tunisia,2023,0.5602175985703443,0.5554398929847648,0.5653847718486564,0.5394369311477494
Tunisia,2024,0.5627765666195043,0.5486775338832838,0.5758882959878474,0.5394369311477494
Tunisia,2025,0.5653425455400318,0.5406521772688461,0.5898479855092147,0.5394369311477494
Tunisia,2026,0.5679015135891919,0.5300970757946443,0.6046568989816115,0.5394369311477494
Tunisia,2027,0.5704604816383518,0.5204989901435132,0.6255575780962835,0.5394369311477494
Turkey,2023,0.6279262120115662,0.6222057923487881,0.633425534748139,0.6079535591250101
Turkey,2024,0.6293210947653757,0.6147514972514072,0.6458735839425912,0.6079535591250101
Turkey,2025,0.6307197991157707,0.6028505702011255,0.6592190485778495,0.6079535591250101
Turkey,2026,0.6321146818695802,0.5900146470572323,0.6725393351331577,0.6079535591250101
Turkey,2027,0.6335095646233896,0.5736679223195169,0.6917525125177514,0.6079535591250101
Tuvalu,2023,0.561087290081819,0.5602241966362994,0.5619789138724232,0.5624290629725829
Tuvalu,2024,0.5621627568161522,0.5605769022173097,0.563639071500523,0.5624290629725829
Tuvalu,2025,0.563241170034689,0.5607638017919301,0.565624394872429,0.5624290629725829
Tuvalu,2026,0.5643166367690221,0.5603684344705621,0.567733299667793,0.5624290629725829
Tuvalu,2027,0.5653921035033552,0.5599154760192817,0.570423925766806,0.5624290629725829
Tanzania,2023,0.6844138725545222,0.6803591572044392,0.6884466645632157,0.6317646932411739
Tanzania,2024,0.6937887409170644,0.6885457292482865,0.699497764998724,0.6317646932411739
Tanzania,2025,0.703189293850463,0.6947095193149363,0.7126850124670167,0.6317646932411739
Tanzania,2026,0.7125641622130053,0.7001885901270654,0.7267080748261084,0.6317646932411739
Tanzania,2027,0.7219390305755475,0.7039550758665616,0.7408190696001419,0.6317646932411739
Uganda,2023,0.5608670512727361,0.5568120515880344,0.5651698608296768,0.5849209137967054
Uganda,2024,0.5643543924087361,0.5561892042234822,0.5717399350276755,0.5849209137967054
Uganda,2025,0.567851287904013,0.5539048045745271,0.5812761535006963,0.5849209137967054
Uganda,2026,0.571338629040013,0.5511394277390356,0.5915520487615175,0.5849209137967054
Uganda,2027,0.5748259701760129,0.5473494740777288,0.603221238332511,0.5849209137967054
Ukraine,2023,0.5610038097086071,0.5549212665682944,0.567322877924452,0.5728599647558528
Ukraine,2024,0.5592710367674374,0.5513069884084599,0.5684186570634989,0.5728599647558528
Ukraine,2025,0.5575335165031412,0.5449884627133268,0.5694102202548249,0.5728599647558528
Ukraine,2026,0.5558007435619714,0.5389336289736113,0.5740795211090518,0.5728599647558528
Ukraine,2027,0.5540679706208017,0.5310187641599571,0.5788698726467464,0.5728599647558528
Uruguay,2023,0.6998488608391165,0.6949905413056695,0.7044673793968879,0.6729041180916037
Uruguay,2024,0.7034338800410511,0.6963053118045615,0.7104198573867775,0.6729041180916037
Uruguay,2025,0.7070287212134019,0.6963712455287795,0.7189268944103917,0.6729041180916037
Uruguay,2026,0.7106137404153364,0.693372066112392,0.7270568268953631,0.6729041180916037
Uruguay,2027,0.714198759617271,0.6907764649208221,0.7372560349323981,0.6729041180916037
United States,2023,0.6818656270093387,0.6776769894243215,0.6866290145756847,0.6598673386881648
United States,2024,0.6863603887981041,0.6725869225261811,0.7003988853384575,0.6598673386881648
United States,2025,0.690867465002729,0.6663991047440695,0.7151598344796283,0.6598673386881648
United States,2026,0.6953622267914944,0.6582441700752304,0.7331493312484351,0.6598673386881648
United States,2027,0.6998569885802597,0.6457774556522731,0.7544712053046685,0.6598673386881648
Uzbekistan,2023,0.5884367318498667,0.5871928486602903,0.5900138312032313,0.5800263995913135
Uzbekistan,2024,0.5900456614718108,0.5861006901428502,0.5944814637168997,0.5800263995913135
Uzbekistan,2025,0.5916589991201164,0.5842658107109666,0.5995061143419337,0.5800263995913135
Uzbekistan,2026,0.5932679287420606,0.5819537914084985,0.6048940258427845,0.5800263995913135
Uzbekistan,2027,0.5948768583640047,0.5799478622110918,0.611867196024897,0.5800263995913135
Venezuela,2023,0.6105457250965479,0.6035143330901673,0.6166336625192201,0.6240249404839764
Venezuela,2024,0.6075045775286617,0.5871474223185075,0.6259825583089018,0.6240249404839764
Venezuela,2025,0.6044550980496305,0.5678968290442673,0.6389983480712872,0.6240249404839764
Venezuela,2026,0.6014139504817442,0.543355171673373,0.6509246165743154,0.6240249404839764
Venezuela,2027,0.5983728029138577,0.5184812045148686,0.6646385792301378,0.6240249404839764
Vietnam,2023,0.6709644621115228,0.6651827395707053,0.6767080595084388,0.675490987273917
Vietnam,2024,0.670351916935884,0.663235682292693,0.6776253879221493,0.675490987273917
Vietnam,2025,0.6697376935542845,0.6586996371427658,0.680219793669184,0.675490987273917
Vietnam,2026,0.6691251483786456,0.652858390290022,0.6851633622374471,0.675490987273917
Vietnam,2027,0.6685126032030068,0.6451870617552576,0.6897412839014588,0.675490987273917
Vanuatu,2023,0.5843816896957287,0.5729382164346579,0.5952648009488588,0.5890060392285713
Vanuatu,2024,0.5869850704488515,0.5759136263785952,0.5969801443860124,0.5890060392285713
Vanuatu,2025,0.5895955837519831,0.5786427096823046,0.601002124322987,0.5890060392285713
Vanuatu,2026,0.5921989645051059,0.5804650857899232,0.6036198636287312,0.5890060392285713
Vanuatu,2027,0.5948023452582288,0.5826444756783039,0.6077981393605185,0.5890060392285713
Samoa,2023,0.6608107645368109,0.6548338359532299,0.6669274480693025,0.6871136993327355
Samoa,2024,0.6585677569398418,0.6518990744641807,0.6652467112668783,0.6871136993327355
Samoa,2025,0.6563186041165795,0.6486340733596587,0.6636974754543715,0.6871136993327355
Samoa,2026,0.6540755965196103,0.6453116149540702,0.6628803276333288,0.6871136993327355
Samoa,2027,0.6518325889226413,0.6389533602548153,0.6634134042866319,0.6871136993327355
Yemen,2023,0.418616111929799,0.40714218907715943,0.4304674970371244,0.4098297955378121
Yemen,2024,0.41923349075870797,0.4077167603661694,0.430577134415683,0.4098297955378121
Yemen,2025,0.41985256103646323,0.40803877010796674,0.4319072403321036,0.4098297955378121
Yemen,2026,0.4204699398653722,0.40850699513220073,0.4326605528659929,0.4098297955378121
Yemen,2027,0.4210873186942812,0.4099574232644927,0.4326918501761876,0.4098297955378121
South Africa,2023,0.49862003146576994,0.4956404594965817,0.5016553846768556,0.4433264740639153
South Africa,2024,0.5007440003945425,0.4930922346475297,0.5078963826688667,0.4433264740639153
South Africa,2025,0.5028737884162706,0.4885844158548904,0.5157115695520827,0.4433264740639153
South Africa,2026,0.5049977573450432,0.4829657640877193,0.5245237772514143,0.4433264740639153
South Africa,2027,0.5071217262738157,0.4768777339214648,0.5348385603009893,0.4433264740639153
Zambia,2023,0.6583297968066498,0.6498366414497521,0.665527595188895,0.6328850757830138
Zambia,2024,0.6644076920712875,0.6519191534130707,0.6767158679416753,0.6328850757830138
Zambia,2025,0.6705022391037734,0.6498436900183165,0.6904145259528779,0.6328850757830138
Zambia,2026,0.676580134368411,0.6453979690207094,0.7063616363990447,0.6328850757830138
Zambia,2027,0.6826580296330488,0.6432322398843788,0.7241657757584811,0.6328850757830138
Zimbabwe,2023,0.6436259980280475,0.6374775984440912,0.6498669350666803,0.5780246074596517
Zimbabwe,2024,0.6494747437655423,0.642997431690587,0.6559688144175216,0.5780246074596517
Zimbabwe,2025,0.6553395134639615,0.646084555841735,0.6647781449026846,0.5780246074596517
Zimbabwe,2026,0.6611882592014562,0.6483973817965865,0.672743339812272,0.5780246074596517
Zimbabwe,2027,0.6670370049389507,0.6495981964850127,0.6813853934612024,0.5780246074596517
